rack_id,inlet_temp,outlet_temp,airflow,fan_speed,load_kw
R39,19.604387146892087,30.33159919948806,842.4592979738029,0.5917173949330818,10.168886881742097
R23,20.83824373195297,22.93362171619822,1195.1850566229325,0.9330880728874675,3.5227525095137953
R21,22.044443653223965,32.375358395644774,649.2166374514453,0.8058265802441404,8.557333586649449
R42,22.444157803129485,24.87128750173407,973.2756946575586,0.9868777594207296,3.419990968922539
R44,19.698012845155393,29.041152663452426,666.5531531228087,0.7962072844310213,7.628109945722504
R39,21.719563005285984,23.75774724891535,1214.4884485364203,0.9711008778424264,3.119384650438799
R02,20.932702392315026,32.26487541983511,646.3624647931555,0.7200762468698007,9.158097238609411
R14,19.244121392355034,25.350700444094596,830.1006425552308,0.5911180438940311,6.519545468159167
R04,23.47693315999082,26.23042289669778,1398.5097284529402,0.9847923138822793,4.6636900997297435
R08,22.946386498920045,28.730248384340296,1193.0470417738757,0.7604171300129119,8.133995769648594
R47,19.738895390636866,31.84197428973339,695.1648629179903,0.6783766633467947,10.458637582367365
R15,18.873866410826974,24.684160049727634,578.2633460858848,0.5078182033705969,4.487402451567022
R11,23.396880518421924,26.610445958182762,1225.4410021182173,0.855670976374325,4.789581636799246
R41,21.50850462514592,29.502914373400323,1072.615865503643,0.9250192888948996,11.234637079894027
R24,17.91115395636017,27.313007854313206,811.3847876511664,0.7956488938538635,8.993301209557469
R47,21.928347921780098,29.563307866942964,1099.6294184907435,0.8803925243084487,9.419203085006956
R09,22.300978156221188,33.99696927678802,639.5782831928382,0.5554454104059157,9.395966007172087
R49,20.93116709265299,24.23493536559916,1151.0795496053204,0.7542853455823514,5.82920382968694
R43,23.409962622665443,26.69859511067987,1242.5445921636417,0.9714267852789905,4.827551022612925
R42,20.940479592465923,27.918464286730725,1222.7403032695331,0.8167018782552118,10.273083416079754
R30,23.448166503051755,38.05687842684964,594.4126383751312,0.662172510502637,10.949522330269815
R01,16.68964790487306,20.756344482608267,1037.801212914212,0.7135538943131281,5.051416462877475
R37,21.033754642497414,32.439938902893545,631.7233130939405,0.6347061668992607,9.231924296012433
R24,18.162457569401916,25.087045440097267,1075.51216697576,0.681814801189647,9.3271706300566
R49,21.116467953547975,30.64304321073432,1001.5753194325542,0.6333905071376424,11.979664365440478
R32,22.679641928373286,38.42375981155065,567.6672209057272,0.6197809453334862,11.174392973699883
R32,23.455666228331733,34.40564982422511,592.158229904158,0.5404266631663577,8.334270514914543
R05,20.01892734973862,26.66417659011439,1003.493430188218,0.8167648553804474,8.690752475342215
R29,23.775023228832538,37.335241870115475,647.1957934049661,0.6629794526009424,10.72522924332348
R20,23.24109643192347,32.030243549770674,794.3122052660683,0.5871832145024958,8.806555113685048
R01,25.744638234641442,34.599840080803645,839.2002262482584,0.8676080596203861,9.081211053353528
R07,18.785033530877545,25.20388715273488,1130.4581762437965,0.9086111001006079,8.939856414307611
R48,20.797205508856546,28.34252130032598,1173.479955645901,0.7791467268035488,11.688774161599143
R19,23.23528169102229,29.16983483909602,1432.0044067562305,0.9485551299762885,9.533601109832155
R11,18.300394125671538,26.550358464466864,1191.8850309492102,0.8926703255569718,11.420714947988527
R25,25.731549022289514,41.34798412133978,466.6734314796456,0.5025307919231093,8.971515921972502
R16,19.33985186897043,39.290976046032405,478.8722116816646,0.5879626263386727,11.950117163497387
R08,21.50922376799426,29.320393760062316,1039.859423997769,0.8288064461501716,10.6430106944476
R22,22.55338159866004,26.747744073224954,1099.4386058276539,0.9865052773762228,5.195906790411752
R34,21.253761620699276,25.986046675331504,1098.2210326101858,0.8225516810152824,6.150705669252082
R48,21.751735222236682,28.68020313379173,674.1934180073334,0.5121579832157269,5.526951261967702
R31,24.091142336692634,33.652793143189186,959.4504146496762,0.92650472773368,11.672579793803276
R03,23.260149877202014,27.14435394204586,1205.6832786913062,0.7784006312291751,4.525434720174832
R24,20.28951896224038,24.07484901253962,908.1975040867791,0.8355717584120252,4.880268458538241
R26,19.244661264085817,25.467643148583473,1155.6569157280137,0.848507870497634,9.66691755978784
R26,23.030095372612095,30.718255072872772,1428.8633897852358,0.9335361592900518,10.291020552112627
R45,22.13670250220766,28.280753270742174,598.3491811068441,0.5354704584999639,4.7484655816083805
R32,18.423006990039006,29.4093476902472,607.3099773504559,0.517971136898371,8.204521268965566
R22,18.016924426937173,25.988781574113347,541.5509939306331,0.5194173672147115,5.252262244642776
R08,26.778071914784924,37.764873016014604,789.257746330039,0.6079105137484215,9.929941977887498
R40,24.096039487989906,30.146820780360486,1198.394078512273,0.9879260397312672,9.534822003503955
R19,20.45636184448649,33.85848603269944,442.3184209401746,0.5392281906711329,6.950742786350725
R01,22.542123497484525,33.95994498370855,542.4681110250818,0.6198936795787016,6.98117006757994
R05,24.533822298373245,33.78376738940876,708.5115962355726,0.709800031213895,8.505486716109171
R29,22.887638856292458,30.705848592513625,435.4420307415109,0.5230013210108764,4.044653764562247
R12,21.037503732352988,21.970648357931726,1274.4984236781706,0.8816822115019555,3.1544499164857522
R37,21.743175706920585,26.496246036095137,1056.8264944316156,0.8079250490261083,6.586542609576361
R19,21.595084948336897,26.515027150311436,1231.7391506977349,0.9282449205941612,7.528226327220789
R32,20.76973264445734,32.30727219019007,874.8103492968959,0.7877370889379395,11.462072172824618
R43,21.02713446789528,29.5720277029638,1087.364565498526,0.6930513189003871,11.473183278988726
R08,21.943157084801868,26.82353023515651,901.7650403887308,0.8408068344863948,6.468569588690086
R50,20.740598285469773,26.496157375575066,1303.0189304891867,0.9387360067635264,8.660485621018957
R10,20.769509568461018,26.47191061866197,988.7478647809374,0.7842601418749792,6.811238480773067
R49,21.56463759354556,29.830224125561966,1035.5065030154833,0.6704017701265089,9.98771664667797
R13,21.348053718037022,34.29912706788353,682.3814860299021,0.6191180762019897,9.659178844026371
R25,21.457919075422915,25.61765107029619,1053.305620442609,0.9477616142481002,5.880446409275506
R14,24.247083563383033,33.532978554106165,885.3767264002748,0.7412604748213212,9.09092913981873
R21,21.97550645430617,27.62209582741957,1282.4969443609184,0.8957895218629243,9.771370764939121
R39,25.627333151757814,38.87523192667611,733.6342956258144,0.527935577338675,11.963381178272963
R47,21.13339318619488,24.243136594462605,1140.2033291875407,0.8807553158587361,4.286925138475523
R50,22.891013802562767,34.8700873806576,694.074832726167,0.5733024108460127,11.02707217899099
R45,20.563111557495127,24.046093757911112,1411.9885513696986,0.9063997836287513,6.335779323602019
R44,21.96196758419462,27.372618772972633,1086.0287490705637,0.7121110046234882,8.025638247622245
R13,23.295116218027427,28.42210435288057,1094.357384003254,0.7857365126025053,6.646818781032755
R39,19.108780055055835,24.940265301073204,1242.7370899942725,0.7916843825485798,9.71440391338881
R33,22.139305329037757,27.675999055562496,794.8337912426877,0.9816112697203057,5.012362546675074
R11,20.5963731149448,30.72512644362985,849.7333871808905,0.6264950839946206,11.272041437507935
R01,26.379605866435345,31.717774976069727,1204.8127380992485,0.7921571559615501,8.648022720756572
R08,20.48618781897681,24.00891911766081,914.507005492083,0.8234241808343619,4.52711913506009
R37,18.174586965871562,25.334703131468125,1349.1628168999666,0.9931053722398014,11.769553268995498
R20,25.369369929211242,36.20378138565619,576.0921181150356,0.6354788212575649,8.425036938209686
R25,24.358880241442574,27.875302796973845,1442.637932398326,0.9663642416770066,6.76418732661557
R32,24.307063744015736,33.973431677518505,963.4850506139323,0.6883694849689703,11.867574455989539
R49,21.782742671822287,31.904455937007413,831.1742901711411,0.7343465798974851,10.54495834240024
R06,22.332859071606322,29.60854448619022,1073.9876160333067,0.7671731375147315,9.22542957452021
R37,20.686942097062364,31.77525226445349,684.0117671692922,0.6889252746378932,9.813730818382103
R45,18.931771658528756,27.804191983166568,821.5692075401884,0.6143214027517314,8.45557171005792
R08,20.964175488388733,24.30410586367994,884.6429896334308,0.7490825933229465,3.1996626782727144
R01,19.95923350547569,25.2642473538529,1171.7359471232369,0.7804689857676932,7.9671615489703695
R47,22.406227095893012,27.069072366118466,1170.2864747714432,0.8923341319721547,6.784822007985676
R50,21.461186331110884,30.123753157624222,800.5263600670955,0.6961220225498661,8.309259181691697
R38,25.81181447385399,31.618363513677757,991.8857010811845,0.9552356392016366,7.05819402674494
R29,21.437229786897827,23.61296902676982,1149.877114219552,0.9632938125807472,4.323661328361341
R34,18.36139910094014,29.360386389509305,651.6796160789569,0.6737067041127072,8.587251159798821
R47,22.733196492193695,28.66608955207403,519.7596161203174,0.5640229194788862,4.159917497195843
R40,22.93555909241542,29.94903108450329,1058.360586464192,0.7058306071787641,9.26851319604371
R19,22.101685138272313,33.32793359976779,725.0636777281235,0.6725413139111933,10.396115731600043
R05,25.929450265832777,34.632416905256754,658.3058937548316,0.6031668592028963,7.147008912294532
R09,19.547893991603793,22.633397136425522,999.9418239541868,0.7405726970281465,3.830615276058715
R48,20.527175655484708,23.8951957762834,922.5192168890534,0.6384388240736019,3.5497016386937736
R15,22.3841807612653,29.766586679215305,951.335931536397,0.9620208795537166,7.829315813885993
R02,23.153113926111534,38.29238920501731,519.3521371524291,0.518341601445299,9.72723844320381
R46,19.66046313234982,28.9618669025107,769.645216465795,0.5152360763667971,9.746546088077286
R25,18.87898817123466,29.405678003816416,739.6202859172155,0.5911419392379791,9.636646854844372
R13,20.252051761029808,25.80418031731278,1201.6806304368802,0.8395511595722448,8.342332081986438
R47,17.984863957274452,26.312838571778077,988.5653211996453,0.7788711329752187,9.631402278554216
R37,19.202864852361717,24.332969216027433,1034.148437585674,0.8229586206658006,6.267740667587716
R22,23.59496840895663,28.617867591190663,812.5565031648448,0.6826784098370289,5.027995179412754
R15,23.056633219260753,37.21960160312905,589.1451225319171,0.6289514135224699,10.353648638543518
R15,20.180614099703096,26.257315517366102,1085.9547317421154,0.738309742063206,7.815330588404195
R20,23.27718491755475,28.218032748382196,718.2314135907803,0.5574184123696018,5.181687591735722
R11,20.50406002034702,30.25499577641209,841.9797072019443,0.6603210960797572,11.388129080312407
R05,20.796062642207232,23.889824965963747,1052.5726258590548,0.9949801161949726,3.5703747342549095
R37,24.57681268035698,28.485974379418415,658.0315594164805,0.5583480320708407,3.024398094728967
R31,22.742291746742616,28.759497686916234,1438.886559796513,0.9153097038938646,11.365762298230432
R09,23.15860687374444,27.05421592155464,1062.8056450007866,0.6896142924819002,4.845016290479135
R37,23.086966305927554,30.711938977426076,541.9219259350725,0.5818279714328523,4.814645880429701
R26,20.99842723516481,32.639014323091416,836.2095273280642,0.6580982911482474,11.170795174162643
R40,22.036836758379103,29.59163314344546,761.3996440230301,0.7313398928348032,6.392499864824169
R25,17.421877486134004,23.953844504482408,852.6209113457819,0.695741055100751,6.198262066365563
R03,23.01875623267221,35.01703157991186,608.3282745681486,0.6674528073285431,8.64937247764276
R30,19.81721912541306,30.13266345093853,823.9529912509382,0.8942986056122654,11.045033247458619
R33,21.30494653245409,24.106181696500432,1106.7462843024668,0.7849448424356582,3.3017919126220145
R38,22.110311752837223,31.15663870462862,803.5773293466934,0.6894107827784579,7.8283321633613525
R08,23.739211840211322,28.525759798498576,846.8325490560707,0.6146256976163207,4.349256846138964
R36,18.442559502191443,28.551612457378788,673.8163912972252,0.6258995294534764,7.884519990128366
R47,23.735698073326365,26.889324301860455,1235.018620307993,0.8074751315763272,5.591366548281535
R43,22.43372207396588,31.232548056280372,1062.1938021654778,0.7825665917946045,11.38906454235251
R42,21.341452585888366,34.639481635869984,587.6654284649223,0.687217684860211,9.941220016677642
R26,22.111449824577388,32.42578788667884,864.119672748794,0.5623313406016335,10.550082778013408
R40,23.232431633936123,29.959258097233604,962.3413936777831,0.6896528491927745,8.471049544148329
R26,21.540240857107225,27.438293490532207,859.8153606768706,0.6990843467954717,6.001492545220298
R18,22.94337621039568,26.991768404158464,1217.8874133583292,0.9592273624696506,7.327532802801662
R06,20.18619301171649,22.656549305327086,934.0289407054921,0.6557365855663787,3.3049124422193548
R50,21.46222261889034,28.676072643194793,924.0845470158798,0.5890179834348757,8.971836348150395
R28,20.258270704707343,29.60691904667031,615.7292421340511,0.592231435709428,7.815627470402927
R19,24.17221105353931,29.125708899060758,954.3365858565206,0.7341159142206897,6.144482991443997
R19,16.698060383213978,20.02744513499153,1032.1417844518537,0.8877638083475052,3.5913777548551713
R50,20.86456193044862,28.429724427389292,778.8621129749088,0.8826781405331203,7.473107539391241
R03,21.276218057533992,27.329951888356558,835.6414648885659,0.6353723365717769,6.359783846517777
R28,18.754952739604494,26.958396050678473,1051.4793068156555,0.9334968800057617,10.558099735109135
R23,20.950959467440452,37.26681909345453,450.3484623498793,0.509855268877182,9.047034692388555
R33,22.02600101299025,27.213850545155434,1242.6438555179432,0.8604065481552533,8.010494263050294
R46,20.68553336376501,29.203283111658546,932.2484315271432,0.6985917648092275,10.471978781102925
R48,22.660638136485233,25.76380870659764,1134.0600782511,0.8166203874554803,3.782325134553144
R18,20.591312618914483,28.93628693819491,975.470922748892,0.9087217808692205,11.034045399692774
R23,20.745378916645393,24.057858671418632,985.0328248892325,0.9153272532826249,3.3080529973847623
R44,22.332830297525778,24.676534373945643,1405.687128588559,0.9872736325994349,4.975594725728628
R46,25.40285848705234,33.696166691804656,702.0668429505113,0.5910535694107917,7.239589074244329
R02,19.42310524048535,31.616150589285866,573.27278995989,0.6289438427166012,8.701303978435325
R23,21.983526865875845,29.226134654658072,1115.174684446694,0.911291937955837,9.148654708009332
R34,22.51205946862775,28.2902789763883,1208.669168024715,0.8257101941759322,7.9876020226421405
R12,21.353469421407887,29.32451896729829,940.3730591532124,0.7471369250691358,8.697882570217029
R46,22.373533528954155,25.37287873254574,810.8158804708236,0.5831416843780397,3.422693700975495
R26,22.460974429207006,25.41494836269588,1056.0951176100093,0.9185394953515147,3.614247348186824
R40,22.190641613895437,28.87523713416395,982.2649971042326,0.7380252010995498,8.097641762672074
R33,22.47199951335466,28.65679387696537,715.7274715449855,0.7699213894540967,5.429201001529754
R45,19.463956976713863,22.469859346589416,957.2709643887517,0.8116662754524954,4.392049267949126
R01,23.41550387091095,29.292552322593345,969.0263667834382,0.844201198213868,7.459421845855786
R37,21.384428766640376,24.109577645716442,791.2149295080686,0.9838496941035433,3.021054515632004
R49,22.35540200186651,24.688641840267575,1128.021788905251,0.9751186769104012,4.231367678270653
R24,23.675394876800976,31.17564248916954,1153.1882871307325,0.8194746926671309,9.825531725511134
R08,23.63696946927708,29.473328201574937,727.5599313931284,0.7447124818215702,5.247012079732674
R14,21.607994737515337,25.08333694287539,825.7668590620237,0.8655118357291408,4.08470320907818
R29,23.876567611951995,27.85069175938076,1373.8518607715944,0.9310213254946567,7.267927949917174
R17,24.03777399044496,32.32456581562057,851.9407495789367,0.682348624728653,8.851506153989053
R43,22.825140793288245,28.45502354162855,734.9964865789948,0.8623833857643808,6.058874673912595
R29,24.02027399845089,30.701449175545466,1056.7331665680586,0.8689278834532626,8.954896575724874
R02,22.16456797855085,26.06884547926061,763.94991007231,0.9350494369504649,3.2196070340088423
R32,21.951445440216116,42.769049974102096,432.07176060074397,0.5350148528737355,11.393309184827276
R16,18.636359349733542,23.94967624574399,1403.3608197892777,0.9920417345996475,10.863094027677048
R05,23.572349840378404,36.374728059920656,588.8883678368196,0.5016731810214896,9.590446264661807
R18,21.930630225226437,31.668508741806516,424.2877981176229,0.5210465948181809,5.102469759449189
R49,20.70289628788126,27.03570211793969,879.9469152083781,0.5622187786484282,6.524671264863205
R06,21.805800865193355,29.684485499180955,1206.4891187923547,0.9420994890657515,11.840974635720734
R08,18.860079324685316,27.557490857148203,1060.8790464534563,0.8248233244961842,11.48458596721613
R34,22.937126986743046,29.555235449825307,811.6658367240803,0.5183659687133069,6.456815503421247
R47,18.601985590312665,22.77047308878202,970.0311675563133,0.759130183338196,4.946916207328981
R35,20.895553911438057,31.251865929232647,782.8124992961046,0.8480103090268961,9.824146281336823
R47,17.50866560201233,18.949752311196615,1409.9176751332823,0.94746072061392,3.313786442104424
R28,21.861954970007545,29.30552895471916,773.755081029914,0.5221883317666184,7.290091454973315
R25,19.241361543970946,29.271549428688203,612.3879978250136,0.5434933799557051,7.957716335482254
R05,22.08654338948858,24.88902796851025,1202.8612314264674,0.7663012597003811,3.4390522350585577
R03,23.16785637065193,27.65477141685919,1050.9294104651854,0.8390080762795318,6.1302828711197375
R19,21.070986148995026,35.601788375698455,576.48783176736,0.6226427661276672,10.813447236463922
R45,20.70161735019264,27.764667525937163,1087.7979880697853,0.8400703858801502,9.277243155023552
R43,22.459255860327307,30.845627367795768,1101.4891594437383,0.7327350043849918,11.651837593664167
R18,22.382198136039808,29.90877743398342,1104.753262876692,0.9160670889788709,10.36170321707156
R17,21.557605336548402,27.47256006349589,555.674119757709,0.6883476809933994,4.0425947110223195
R19,24.41796388821293,30.208055140310197,1210.1975879025258,0.7706332893380552,9.849251122518252
R30,22.980839143405532,31.99806096563142,839.8473646500904,0.8944034909353722,9.783289506454672
R17,20.882156305456824,28.624552945672114,872.6250928461507,0.6729415284764784,8.23953414158646
R12,25.131048058468682,29.86023736941706,541.1572712148813,0.5110617757644986,3.2212822481292136
R23,19.10397219916751,23.51891826849743,1017.4364077141216,0.636813333140833,7.013124357390735
R39,22.927447714780865,29.748707520291365,948.291534131301,0.9129603828999483,7.743216865906759
R20,21.55517444308887,28.140116856905237,993.5822466035996,0.6366297634991047,8.890600928530217
R21,21.312623304124433,28.21836890239595,1459.5287701173572,0.9286800460462493,11.185720598530365
R01,22.707525557983736,26.474239054835664,1204.224370494032,0.8622113363070585,5.8866846639431465
R24,22.68545069275541,27.513519789464873,1098.6364173143547,0.9321791249198186,6.316737093513851
R15,20.70005357627306,30.263216102221275,623.0757677451016,0.7651771968641281,7.083242711447544
R24,19.938564994396955,27.686534796823594,1161.749030601948,0.808325157260369,11.287630630341182
R17,20.852221035329734,29.328837431126452,777.672830546472,0.6237699778016876,8.46575803436404
R22,21.10763313357044,27.385497820557354,912.4362571163512,0.6344967022175488,8.23774261722959
R08,24.43031001774351,30.925803398971276,938.0611934357095,0.8402283131796626,7.181387369722291
R38,21.353287575427583,28.784363179512106,1206.4214863362624,0.862142654063206,11.17036787686176
R22,24.046282409374452,28.1863084637557,956.1050381117943,0.6730082838224198,4.893146219269817
R30,22.390820569993267,26.238407468123437,602.6765631545542,0.5392892485775104,3.298827979122299
R46,22.703782135812872,32.51335144132589,758.5816094533336,0.9107203640049333,9.23874546740413
R03,18.932502548580327,27.94759922654837,1031.2492876123138,0.797388318688468,11.065991724165345
R12,24.09910543063867,30.850661459025538,1235.3274249783756,0.8570434660662138,10.83872211371477
R07,21.798354019629585,29.760700063991813,992.3529340591916,0.7765007262959792,8.947381064693257
R41,25.464430504971297,29.609684694141563,992.5391744910582,0.7193036082447692,4.475995328905475
R25,19.936847506259685,28.676798293519095,963.6010228117862,0.6096069936790222,10.846052099329814
R32,22.0760069563364,27.733484726000786,1069.5935130527355,0.7776817754688157,7.483761448078251
R10,22.964543781405883,30.41307953185899,692.4974566583103,0.6102805624611616,6.629352250114486
R49,18.27133694338181,25.006341554645,1203.9795204386598,0.863584534883154,10.814452548675424
R44,27.187143007717722,35.9270069221979,928.971157522424,0.7524224409465089,9.909514992601022
R34,18.734095438916032,22.592836484882138,1424.327616281528,0.9367116190408302,7.380020472822325
R12,23.498604834795007,27.936745693989725,1076.4917902219504,0.7329064035101243,6.454624366810167
R36,21.94889185801711,37.85305085487768,583.9635827631264,0.589841554435121,11.181292685990769
R47,22.536433616555392,28.5287225060967,1050.3875280125155,0.7897074496717504,8.336265598486037
R25,24.2154409005634,35.11138669103664,833.7583147364609,0.6290667163505638,11.724710901017588
R36,17.80968495464003,30.99038182447742,718.7828944941963,0.7268947706918196,11.728389405706903
R30,19.406996465038343,22.397600009249892,920.6133335577928,0.7247169176068688,4.311809114202765
R43,22.763870904463108,30.826968220589666,981.3990110573792,0.8319022638109026,9.627618135590765
R28,21.356753727908075,30.11515869114218,959.7557076452098,0.7790701247969314,10.77794559906752
R26,21.620011225635242,25.960851284473982,651.810770701028,0.5610549570050134,3.354091866016587
R49,25.943337500923633,32.841267039370685,943.6264799689233,0.8441039329332978,8.262036303983297
R34,22.296063516319375,25.24898157493361,1247.0863528442167,0.9865488740351732,5.9081759136325065
R23,24.216365633475032,39.0341129710515,469.5242776257046,0.5698256273781565,9.001778317914939
R42,20.558419162127123,34.69449819100808,552.5261838030773,0.5811909473311605,9.596090265072077
R38,21.93822472885684,33.794051178645404,796.9897133104843,0.588574894723693,10.813280289397548
R17,22.396578754743732,28.621642888003638,1319.038733459459,0.9323044179775184,10.477894722075348
R04,25.26686306460219,33.70720193844755,806.6663387341777,0.6078375761988586,9.088620471995219
R26,23.604941764639378,30.002742863274992,744.2411731073344,0.5796437226214026,6.137163005177735
R25,23.128805975786534,31.06646396271945,1117.2108147463632,0.8911927420291368,10.836781053035333
R38,23.442932547570148,27.703441952958304,1205.9007739596846,0.8337966927817924,5.943298454069148
R19,19.318942793234967,32.03086732229073,713.626830132225,0.6878361259408632,10.82010562986514
R01,20.017215301087386,24.261783255461875,946.8660053997642,0.6980863458046277,6.298153813842581
R49,19.623026556147135,30.574857608640603,586.2419341053746,0.7222097263756008,7.911181996459261
R14,22.118284244544846,31.174759277640867,807.7233084052115,0.7317470219002862,8.57541311408653
R06,22.179216319855218,32.75346162798262,804.5274819763425,0.9068831441597932,11.22812864356323
R15,23.189508683330573,29.115208460493374,1135.1059137677971,0.8039525463967223,7.802422920541906
R43,23.51785717957353,28.91083796389899,481.9286020363541,0.597888992841773,3.1640932440872547
R25,19.204963534312252,29.9217070886941,660.864757340885,0.6900372544686026,8.892237732882133
R14,23.941801463868618,32.76467866971706,645.9192622739175,0.6283882838602539,7.372845832676931
R35,22.632400152409122,31.39218546157628,748.6324773604567,0.5448131695774711,8.22838847936518
R26,22.21075101229192,25.670318720504216,794.2605038807509,0.5905746747673402,4.096974840032528
R07,21.71230845817607,27.43362681897377,850.2389194405642,0.8967036290739187,5.65750460298279
R07,22.49499559367442,33.485180353702624,838.6645697282054,0.6867548415191937,10.341737791538527
R28,24.29883945652743,29.323811609678128,781.0324778908388,0.6060224199541133,5.052717947540392
R08,24.139700997402077,33.84344996843214,781.8334140811126,0.7783185289683586,9.92950230226511
R36,20.329305893480484,28.86128623599064,730.7439209021002,0.8337749496457352,6.813644282838865
R50,26.936104364459652,29.7811769787345,923.5904022410327,0.6176177924009925,4.376854207457064
R22,18.926104079947358,21.49498355893459,1055.5210423160477,0.820985750221633,3.2127472744170276
R14,23.33396080687632,36.937385742267146,483.40655003990275,0.529227307054277,8.688139374183766
R18,23.13796615837055,29.364861404793132,981.2289870040413,0.7140998074628073,6.638868912938629
R39,18.73699835723167,29.09310011183264,832.4478499484577,0.6324477236183668,9.953604547044442
R33,20.481919105582705,27.454728971738447,579.6261425158206,0.6774981529159687,5.039907620042892
R05,25.379273995389394,29.296160312511873,833.9582532592939,0.820084111914083,3.629384451384907
R44,25.345144773675408,30.87408074988087,890.1717220419573,0.6665009565290989,5.91900377803838
R30,22.22098107739894,29.386056404921412,688.3078618061487,0.7902375033583373,6.002125945249803
R47,25.166930050768187,30.72319480858602,673.7224209108324,0.7679138422365406,4.808403197931508
R17,20.173602188436778,23.93907237682894,1168.8395472101852,0.990618187172152,5.707677975179296
R40,23.546214413390476,25.038837672669917,1228.9506427321069,0.8685901125036215,3.18023720333242
R20,22.267081809564566,31.200875245940225,764.6831599734512,0.5445622160580084,8.612271192024838
R38,20.635931233601372,27.511740407816127,475.27311119295064,0.5315545165395751,4.433736185570822
R41,20.303802601321536,22.02105114306662,1203.8597622364127,0.9684789115155314,3.788784720874547
R23,22.730601986043578,33.98265118015142,870.5501957618399,0.9366683308619239,11.481483171920098
R37,26.38381470948883,32.940840345885086,838.9516448525255,0.7505764995910049,6.51938486752357
R30,20.6638190927139,27.62288420609914,1349.4284102098786,0.9340283450537252,10.901768884005627
R09,23.424542979011758,33.48757492901621,472.082336923011,0.5114469124880601,5.902751800617737
R02,26.929755271715365,29.12185597096765,1432.080693851904,0.9310072411363113,4.192722054676636
R46,21.2565741934142,25.11289500294409,840.6334471737293,0.7512830382317213,4.573547645343713
R08,22.48373340302708,29.868270758709325,742.5419650282896,0.7530537774233754,7.304106207432651
R31,19.580610514317783,29.374411200429,636.6468946813586,0.7197558443164551,7.555276765562197
R02,21.573114258139583,36.797583433499604,489.0804593161252,0.576012426564324,8.851809831583381
R02,20.803012766567328,25.114774020761725,1136.4038681854709,0.8771267721719316,7.361414283169783
R09,22.60489942872025,28.14837348176397,584.5892489623382,0.5606924697112144,4.280244318184765
R33,18.931402747231083,23.57586251361355,1448.7794920422016,0.9983484269264884,7.584799153348108
R36,21.74298503828839,31.841929301044,644.9949121046482,0.7130416919451857,7.743373175204865
R35,23.757287019452086,29.02144879361322,1033.7502847980882,0.7070648762644636,6.309834157895606
R02,25.498483244087055,29.206252917752096,1015.8953673013112,0.7092903108119677,4.204233626515398
R39,19.6111204839886,26.928158839124624,971.0804916914321,0.6617501974557369,8.570533737069493
R37,18.079683983412338,33.20482145127837,660.4501963575173,0.7439270219631813,11.636189798889301
R26,24.183102848627993,28.024770115385433,927.4656464735159,0.9323301960702088,4.144797864187046
R29,20.661854522680166,26.21055387382076,1042.0546505816862,0.7297233842029933,6.550286507130318
R01,21.824723484367045,36.83057919087007,550.8531906800188,0.5382084297190257,10.279951154726952
R40,22.553087333785335,28.219009811361918,1086.6786767931678,0.8186007384041403,7.153297181622607
R15,20.791321856873378,28.81316823997052,1092.2930669288478,0.7253098283648789,11.004518245159598
R08,19.305747420940605,22.910200559479428,736.0173679400697,0.8581616940313411,3.763128144412229
R11,19.84667813095134,25.732241579861864,1385.91403353667,0.9711576948365964,11.736749619036031
R05,23.214262201567237,31.882987748087967,892.8053338311543,0.882186331110868,8.942724477312044
R02,21.577327828898014,35.71826667952093,507.40182364918536,0.5052138496987015,9.006153582417856
R25,20.712963539239713,28.756070943914015,820.4277160503658,0.5209756117158182,7.772719199242425
R40,26.72726688735077,29.759380558765958,1141.4365526464442,0.74300775148877,4.025609712428855
R34,20.810447490888677,23.388707386011742,1032.1166738751745,0.6691337529972492,4.1528617172958
R14,21.032377736917805,25.30474980649555,1253.6255721948594,0.8064697912472627,6.95464490725007
R32,19.575085442301546,27.541599054754137,807.0994972459544,0.5063574449934467,7.464430548118979
R39,21.502617747632907,31.144253371281913,961.1834080490112,0.9594632668197772,10.618629048212503
R08,21.706002435605853,32.108820555738255,735.6583516017644,0.778906612755535,9.733727153810978
R22,21.811256499929236,33.50689255855138,808.4129388065395,0.9686940332485594,11.862027655720574
R15,21.15160195594378,23.298269437608294,1169.9550291991397,0.9825648710634982,3.8268379893904023
R22,23.131019291263087,28.82065347348173,959.5270848669749,0.7951738452293864,7.880134849426635
R29,19.613690707802533,22.093912973737567,1184.228664165838,0.788586391643775,3.8438122858100097
R16,20.288977284043494,26.268418147046987,1310.7782064411563,0.870856030756465,10.305769951791389
R42,22.866241069354388,31.26858447578976,913.637786255107,0.6554644650037771,8.918042815002208
R02,19.10028686903819,23.018655110604527,1108.9665948552274,0.8918958922426986,6.198461118171655
R31,20.36562906678201,22.388397722371806,1498.568942228788,0.9383253809141003,5.750437939411934
R20,21.212037273395158,35.48096434146771,553.9873537672041,0.6086045488456053,10.02359798532547
R45,20.871504802685223,24.226346707126027,940.8338004025003,0.7941011334741952,3.8369157584081894
R16,27.024815153156638,32.46534158214832,717.1462396465016,0.8514717204893384,5.028948799173245
R19,24.231804106730724,27.87762556329562,1093.7562596855369,0.912524705090031,5.428386481153929
R38,20.190970622021133,23.563053836546864,1109.895962592821,0.9125653338330576,4.888577953707685
R49,25.02689948648426,35.73723153372123,531.5034784774004,0.5443002148398086,6.9061742955648775
R11,21.873421757722074,35.60341754125448,609.9484268785742,0.6497217552459433,9.602542470380811
R47,24.397282743982103,26.562842116894505,1037.5784954368255,0.7049524448481441,4.065025718310486
R16,23.02347533815801,25.710401902381204,1239.6943381112562,0.7827749824607202,4.82642730817412
R30,22.646335428369564,33.42336235776955,773.0487058152708,0.6365354049864063,10.485273393081961
R42,19.199589913261782,30.448063238353573,674.9860866578371,0.6127706649628664,10.6745521788814
R21,22.41137274992137,30.698100537764567,672.3662064900046,0.7414844360426776,7.123681980641034
R50,21.45154328589094,33.42954198081749,717.090617553848,0.8901065317150512,11.184511728075567
R20,21.799691847040094,30.22038015572114,836.6155536509376,0.978307310541729,8.912596406404255
R28,21.866942964895934,26.79856988768718,911.8722980239963,0.6378061693394728,5.48147867785997
R31,20.94784393557608,28.38745554489109,757.138919666968,0.8883552784775905,7.04765858205486
R20,24.142249147569302,31.938015753294682,840.9272449027882,0.7809964237334034,8.577294961794742
R06,22.133981434449744,35.448247904293524,680.0396914591864,0.5109116983877448,11.098500111185452
R07,21.791037307246267,26.972268659147716,1307.0816340939741,0.9139341876610865,6.541030619072324
R21,19.33368537869269,25.89843548297535,792.74506967895,0.8270873007370372,5.30877056199823
R25,20.35376387730384,30.173934890927978,930.9650970536526,0.9836780888941377,11.523323889648507
R22,22.857633000661146,32.68583544740949,679.2915070754486,0.7616954556871832,8.051005094542724
R41,23.102639449522083,30.99136629195093,999.2488474291953,0.7744193283600294,10.125299896080165
R10,21.103239561892234,24.60413462636091,1439.797460914433,0.9728490735001412,4.491970861469482
R48,21.39550064815696,27.83384050824245,903.0415192708173,0.8746418563478882,7.141460380395957
R10,23.68489984981229,32.29154280060182,1074.424696702225,0.896994858184003,11.802556361761757
R26,22.64615854623206,26.99471035213922,1067.673358562225,0.8783757528443175,5.971935583843478
R22,25.165187930963185,29.00045304530468,977.5963983806434,0.6277466723278023,4.454578301572843
R49,22.166694141986486,26.768597322669677,623.7545695483161,0.5326022956302461,3.2445067910300383
R35,24.618945792701425,26.951299402877087,1207.5297060950834,0.828390052362147,3.949263299609675
R11,22.72514163005297,28.340051725969502,784.2941563942915,0.7616648155973706,4.833898132149201
R21,22.0973374737661,28.492288802052748,785.750958978772,0.8213373288362118,5.811141916969622
R20,23.577798596066902,31.967972870329422,752.5460173714424,0.5830171567080977,8.020381727362812
R43,20.089754841301293,37.58874571180526,548.4612519367817,0.5703557640243793,11.851693254436999
R04,22.68023541280929,27.985185876509526,1461.5498403007477,0.9838779385516945,10.18733945144476
R16,20.154974539245835,35.012016365460546,666.8869095722499,0.7426794915799435,11.895743904708688
R28,22.065448983081414,35.11685898091836,663.630480684538,0.7137448439603076,10.937349824741796
R33,22.586787911283807,25.509659113890038,882.1317415285226,0.911479223110743,3.264277431921531
R28,19.986914869440717,28.20890707294728,1121.12068083204,0.9095317569308281,10.723593478414475
R11,23.473515510882176,33.429350131525325,868.1568233277428,0.8258339593532129,11.11166409697184
R12,20.869430447201836,26.652514528249608,803.7985215896748,0.586880796567872,6.016872426337855
R41,25.887753786217207,35.12300562575982,768.9716649438051,0.5956302089572934,9.657041706540873
R17,20.192596278539742,27.61689067978858,1164.7326792944145,0.7356435836990822,10.57302797776284
R16,20.153734779084303,26.401518186702955,527.975525218174,0.6574597943064838,3.9570935363019712
R20,24.751732346367913,29.551144333609958,940.0331140122709,0.9185205626214701,5.044616013211634
R25,20.993709496196836,28.5124430830576,581.4284222604,0.6801889099651738,4.939768819121987
R14,23.71851444999968,33.8844353103014,891.236487368102,0.6163815735506444,11.132470599121156
R27,24.214161338573945,34.16099750846139,643.0653882143702,0.5554947346067405,8.043965678823959
R08,21.244698277330887,24.50370598809822,1018.5184549602212,0.706380564633013,4.1596384080022935
R40,21.129555534398744,29.37312801585761,982.0838351001643,0.9590382760995753,9.659137086902373
R03,23.77732550710192,34.16554267363508,734.9627724289085,0.9024533884207193,9.785657132371055
R19,20.178592353870535,31.677814633900702,758.1950439770698,0.5562901952059685,10.85478455609515
R30,23.490808394690802,26.4426304107198,804.7913714418175,0.7835853899596927,3.4151120790216045
R41,23.900615183947153,26.70407117385522,1409.8654625415595,0.9514474975959937,3.433285523805181
R41,20.9903388703101,30.94638478197806,996.0761747658765,0.8130880857965691,11.901255225151566
R12,20.53242405242927,25.00383256253595,1481.1702417172382,0.997718758095655,8.245261515751407
R20,20.973377543353262,24.84009306976214,1034.4595108557992,0.7441873144914694,4.982027712395836
R35,16.593535414001526,24.018434696549395,1181.3308342183318,0.9394894501411337,10.4635811938508
R12,20.02672203072087,33.23450471627588,666.331049135511,0.7322166181127714,11.196089214916256
R22,19.971162245664,26.881874116585966,1038.6190412421577,0.8156537765459944,8.463806208468785
R07,21.584737894035243,24.505576911623553,882.0717895959849,0.6170922234077428,4.185240946248347
R41,20.515058828603905,28.490854739581184,700.005860685995,0.8170520156881657,7.556394535456825
R12,16.996394277224272,23.370467925188365,945.1882483892146,0.9536900823564235,8.436645093640973
R45,20.21133475382316,27.494378761454,770.6601434953249,0.5980488563691965,7.338369523008743
R13,22.595842130519607,30.791010077069277,778.3639581934178,0.9270679988252521,7.833067395162225
R33,18.249655060708513,22.576945448173284,1133.5009488561498,0.9012928397899065,6.049745844048765
R41,21.361892128666764,28.442268711842143,703.1605252397198,0.5435463833978857,6.573135371134725
R39,21.871859399743006,31.05198491088517,690.0507791967076,0.5148341115323699,8.173015988379737
R46,22.6876896462486,26.804504017430062,961.7140070877682,0.694936176470772,4.486835454040651
R45,22.28973532931511,29.07704832064735,955.2085488799377,0.654686358931391,8.471146926816335
R18,20.659499956547524,24.335592539590856,1199.2467043181346,0.8326460509890277,5.310248054790413
R47,21.550288036383844,28.445163538217226,750.2100444660798,0.875589023904209,6.770530111687279
R39,22.464720555367734,27.87616357897406,1084.0860782763425,0.8230480875025314,6.71407793475057
R14,22.76307712517866,28.737110435443192,1234.1263075967538,0.9566434737881184,8.724864417685879
R27,22.633885234024326,30.4946551682745,1119.3526504306803,0.7649957614632094,9.668831252471207
R43,22.319712783994802,30.764775686290502,658.4740586504388,0.7885999433672755,7.374004444178427
R31,24.095884123504284,31.353603274099527,775.6569146925924,0.9083616012792723,7.199470062274942
R36,21.468460827012034,33.05724959613633,666.4190576069843,0.6376905871277092,9.05669960154989
R34,21.281954872288427,27.03800783419312,916.0524132815027,0.7250616805909661,6.458156581236432
R11,24.065092408683313,32.135032471800606,878.1394981579424,0.6855862117188138,8.239788719347025
R39,21.691068962264048,29.83529872919159,767.3287161680811,0.5828141735141327,7.605132479233606
R10,21.698788161126313,29.373490350062244,877.7752268265604,0.8184511587273716,8.812401476578358
R49,22.543746325540035,25.888828571038243,1131.251281051584,0.9235697448468925,3.9113392315364304
R38,21.052321305858168,28.405023516325173,770.2264758820953,0.8441371178901185,7.086014590765034
R03,21.82327408158933,37.87561576576392,575.2741021486686,0.6921033564929001,11.67615666405932
R42,19.807753950523864,28.49822466726551,602.5315215995137,0.656603130535087,6.55890841193623
R37,24.34624927517328,33.88364478862416,992.5198297547105,0.6569833586886764,11.603269460597874
R49,27.265848873859703,30.463460289121496,740.1818828514006,0.803438670788465,3.793815334108836
R45,19.8731959868581,26.900426417234605,1056.5060908694802,0.9168249809687927,9.85711631344383
R49,22.341663796826595,30.27712244720481,828.6543062862897,0.8386936607593585,7.5670172950776795
R01,21.5894258170238,32.75524202903741,658.019950276008,0.5695983506728477,8.224208408943264
R17,21.62039496050516,33.48890173617946,689.6875566304965,0.6502446928002161,9.611201308092719
R39,18.95095742676165,27.620600052031698,613.5081579540297,0.5197297664454497,6.5562396893788675
R27,21.276473862326373,29.887805939057454,1056.2845640267221,0.8610716177279529,11.185091498435177
R17,20.181270460718775,32.225797543052416,606.931693965837,0.733391038615594,9.12680303664437
R32,27.347021940792956,35.472701033096016,776.9975377588046,0.65122373914469,7.4273799009515615
R23,24.112113618132103,29.96915214742913,902.1259518170975,0.7556377311003756,6.478864561407251
R14,24.561468917120788,30.8960010148536,925.0340452307752,0.7217279181909521,7.103813481839432
R35,24.331612038416772,28.901586846738933,822.6134628875515,0.5546321051548107,4.804270639755625
R32,23.44539201904524,29.281259821101408,659.1230580411225,0.6559495400021402,5.163441498295354
R50,20.45424466435278,25.673568120323395,1162.9802020623167,0.8438610212152804,7.291591214860354
R21,23.906250090752174,29.561359712819876,922.9767573889264,0.9022186038397525,6.228439728753122
R07,20.772406246314247,25.179363900948996,560.4152454637133,0.5220809680889156,3.0208579311433246
R13,23.169006432238618,30.061467449638506,1173.532041286926,0.8844613910538205,9.780851300312722
R02,23.923708712409876,26.628241028222718,964.3435082367209,0.6995500940368615,3.939637167732733
R31,18.21277066609243,23.116213968713502,599.414819540311,0.6744102669847396,3.594088597262174
R40,19.66798222184955,23.142652021288903,915.3129486772565,0.9210372186992897,4.016384784174102
R26,23.745838373541574,31.732429813765457,638.5182794672834,0.6476452470239716,6.625859543693734
R14,24.300592052602788,31.19595555902153,517.6231182333337,0.6330840062577687,4.3709663051808185
R17,24.7213171916773,29.59070402350104,1269.3130221532128,0.9894905575874045,8.764284379582595
R22,24.60147461177603,27.430106235734428,1284.2944891413565,0.859895726677343,4.690585672839967
R20,22.95271553871244,31.79654629753976,851.4448291480538,0.6209658401577648,9.143554991010621
R22,20.609061537356773,28.90569248522857,858.6871731038344,0.559976846511945,8.069600378584333
R31,20.747619935556866,26.77214240165607,739.0554943521232,0.5669141814998466,5.55846683634765
R32,17.853158222127234,23.196877670616797,1200.5762608329028,0.9478633629630864,8.341371866783412
R44,19.308258153053572,32.23042197737846,580.155223450094,0.6581350748646534,9.668136505368643
R27,21.77529221705924,29.300598833535535,1199.1016625435657,0.7859045818035768,10.798931835741783
R06,21.86890478643799,28.8387287941484,855.7800177717801,0.9820392082450541,6.395862485668736
R33,21.17108379645935,28.225390525527498,1236.2720127386267,0.9221243512029091,11.37153868894582
R43,22.177315181922875,27.47339118032366,1384.9135815839481,0.9830237525643386,8.997468722203859
R30,17.149571444254796,21.630547568749098,964.5262605767522,0.7377033039250369,5.420712284358474
R41,21.427216253006446,29.613478753818658,726.323396421074,0.555488762292574,7.283709579104903
R37,21.258818953855098,31.58528635180073,897.0443105923437,0.9251740005599477,10.39961898134781
R22,20.51598772868472,23.970881376373,1079.0030934168421,0.838906600155022,4.941666112588087
R07,22.27659737957162,24.515648999627263,1372.022649592791,0.8685482752160256,4.1315184209300355
R01,18.512303766734206,31.07897405773898,704.3603226193694,0.6437047982327899,11.01193502372557
R10,21.56392824360356,23.641148790741582,737.7301138268689,0.689547024335968,3.1322404978945846
R47,23.234060340641392,28.36496159043439,965.7465522409854,0.9530329428431826,5.972185014027648
R26,22.241513612378935,30.833915799824876,930.8940693019085,0.6559319289584415,9.097880407130578
R12,21.52460975062072,26.209159188709954,720.0633039725982,0.5084738324447905,4.1299519328638805
R06,20.30677658173334,28.414938956954387,714.9663458273182,0.6660496826965683,6.919568629249716
R12,23.340439794554676,26.49395757076037,856.0271763981506,0.6499002637826179,3.0121826314392135
R08,22.624139195589937,27.143426423243717,875.5180076154728,0.5761638928313394,4.8638542635891415
R34,22.041772976591922,27.870171119632996,1030.16029640849,0.8737222032983469,7.356693627391814
R15,23.53668589897229,31.781421787314017,856.4659452504719,0.8884640051636128,8.051641886535624
R26,22.042764422209412,34.89189803052244,671.3758956686091,0.6575735195662766,10.624749951302235
R04,23.27703572118897,29.315822409247204,843.6980380988645,0.8370651477680315,6.493491355142959
R24,24.22903256843692,36.45780955365787,652.8438356779205,0.7694065045198095,9.524830529316471
R50,18.78467794576388,21.478081289133616,944.4168538550178,0.8154608951145816,3.0705743169472512
R21,22.563470127658746,30.80772476827279,1250.4728107336696,0.810454295108854,11.660791826890058
R46,19.15208569509971,30.35115491519234,486.77045131614267,0.5219499713215026,6.895344019885224
R43,17.24866797781477,25.544241993690424,907.3167790928644,0.5684995315268357,9.06914081121122
R44,22.09592289196309,32.23363958321449,934.2866001835025,0.5984628522267141,11.645642779618798
R11,20.355136845490275,27.33126093288648,902.9531336987617,0.9596937022863363,7.130671314395688
R17,20.71702618191138,28.70012133156519,1203.357670133545,0.7607298193607359,11.641220439649025
R08,24.971736551035367,37.20094662558696,645.5888393814364,0.6549999685858947,9.957801375277196
R20,23.236976760912952,29.223101940474272,1062.1935584164153,0.8858134554893038,8.085767812074806
R42,22.120643829065944,32.290170284614355,756.5414037030639,0.5230283670949782,10.242778097907253
R48,26.19944357833303,31.3243720494102,588.1507685032478,0.7143510104932168,3.8585934958188957
R10,21.985599908419328,31.972207209316938,918.4702561400886,0.576903512320804,11.112447869777414
R25,22.49502383315241,32.88302088258712,764.0273622039734,0.6858620332011716,9.849071311458529
R49,18.319341927531656,25.89032871455914,827.5956884459175,0.6377739696097418,6.999288143173629
R01,22.02854613567287,26.06962717999318,914.3040655661064,0.5957964728674129,5.1635902160415625
R11,22.88284299898185,30.57606562294797,961.4878246971418,0.6143472047001823,9.765949557351838
R41,23.098461593003297,34.58565359684529,908.8724115851553,0.7908111464945968,11.554132535177661
R26,24.84051386488392,37.48074423142059,654.3088770405118,0.5719071751574069,10.556936901379114
R23,19.49521311117376,27.755514079079326,721.6225889603982,0.7487699260730512,7.287021599709889
R19,19.18849053869409,28.599310026595195,675.8881628956319,0.5164048120643042,8.34422232728654
R35,21.042865515967772,27.44764760123681,1020.9096530669729,0.7047060359085091,7.562283941656512
R34,16.150149641606646,24.84885005315121,987.2851238674677,0.6763013029644291,9.965155995935987
R23,26.84481107757988,37.84545062981997,861.0939394135895,0.69591198164175,11.379089737967698
R06,19.825508122274396,22.169211328943454,967.6964464623784,0.9865390814861664,3.4917097800087507
R03,24.213980825957005,41.23065118928968,501.1755577773372,0.5259504717936545,10.944609426060797
R36,19.875405689667254,26.636302742670686,1051.8495651180517,0.9242126895452624,9.677066942628436
R25,19.24654059499274,26.38826661501109,572.3286547651628,0.6357192888171002,5.275322454802805
R22,22.170636285130048,26.716222071744156,1056.8288462440705,0.7953189169973189,6.5387568092513
R10,23.550558792590845,26.161588418665062,770.3438089111385,0.6345098233991553,3.1860423200271404
R22,23.940786779693703,29.531882109618866,830.6042228552191,0.800776939649912,5.387935237999203
R38,21.90278621025437,32.141149988544704,801.0009491172896,0.8542448487463987,10.026586678808108
R02,22.460141518382805,30.111572214234446,1002.3435676890714,0.8571633178674988,9.274884437186731
R39,23.283631060483383,38.09973273542518,554.4382994470743,0.6723020422237798,10.654244532847539
R03,25.268269986977735,26.95680866982005,1179.5772983570673,0.8823595707381395,4.069869520593648
R17,20.575011614383524,27.482450105010795,830.9681170426206,0.5815176684657954,6.424659388829051
R19,24.150786891292153,34.26692223084046,808.4525562124744,0.5621914156206622,10.039541367821215
R04,26.57961159492092,33.814671719941224,1024.4583633329114,0.7505439401310985,8.030825706897966
R01,22.374328040972323,29.46137049441704,663.1605446941204,0.7411321806260961,5.779509816066067
R31,24.119872768093245,29.223395545921544,965.6837253038843,0.6450227659812184,5.788090732881893
R07,22.0541080813779,25.35260502043518,1432.6464554734678,0.9676485492726639,5.81576844769617
R16,19.54624893097242,26.70714489675983,484.1640773448677,0.5934572203042308,4.465335447091774
R12,20.629587604281188,27.987602321683152,924.602843581709,0.6670249828343846,8.591632041446491
R33,21.135524321670747,25.668501792932634,965.9392693214033,0.7163834397996314,5.571824921334354
R47,20.882010544236003,24.688864982447477,1415.0738199332459,0.9910247685079813,6.432969372719803
R23,20.07248214757878,26.60995391875856,771.3750556658209,0.8754698991816592,6.765004776920521
R10,22.77634051533598,38.111833611479504,586.7059283648872,0.505740329874689,11.232580034608532
R41,19.783485076368027,26.903786527773864,970.0473591596016,0.8522772140137227,9.640964863511456
R03,23.89689269972307,28.407833068934583,752.5143671766989,0.741519848779445,4.847996448361198
R22,25.531418532900805,29.81172259718244,747.9751897107859,0.797679830629302,4.295477222150078
R19,23.622793108983185,31.293301633079317,835.7273407805426,0.824252410059344,8.612839004612395
R33,26.310665496381233,33.31199027559157,966.4487567688176,0.7917784836624093,9.04850434877028
R22,19.110965325995455,32.663124212780204,713.657503828922,0.5033410646119438,11.451513863704683
R45,21.345763606822377,28.837831996068985,642.9180128016459,0.5076974458456542,6.673365217800283
R01,20.337201065465095,24.257818704373896,1116.3714155158486,0.8628629551820517,4.984353241259737
R38,22.450615844081884,27.68544489213772,578.2040474580857,0.504159971113596,3.917037907856431
R25,25.499167808410842,33.84006173022866,722.2000628720098,0.6293558210777205,6.90618875437883
R41,22.588448258026986,28.007344922265887,748.2810197674733,0.8570263616890634,5.178198719827895
R32,21.507380489266385,37.907659771701596,558.3910706424934,0.514752027572603,11.203691639927849
R50,22.815753564750644,30.18124202385449,1075.1423925270115,0.8033658623587182,9.594601273075487
R19,22.660581726266283,27.907017470189505,917.1879252055317,0.6416523812124653,7.441508929389674
R27,22.307663832156514,33.193503634814405,585.9910297027014,0.5342293596667891,7.693041217501921
R25,21.159209755276745,25.201053028830394,1428.929983945833,0.9325966736989055,6.002461101261389
R43,19.69275201943465,26.108417793556075,1099.7691079734586,0.9168215670719793,8.741588364162649
R15,21.22573870042097,24.235816574166773,943.3069363144562,0.9123716186735038,3.5760571194775883
R04,23.95784801373085,31.491220052407673,827.4209754485221,0.7038164289898279,8.312093932358035
R38,23.085408795953448,34.742755342148534,584.4938337341271,0.6301182989926146,8.896563430719041
R07,21.791751691550957,29.363306634084513,1056.5877224568214,0.9132440450978812,9.485089937799655
R42,22.963732123436984,31.751518364307092,734.7750091312663,0.6784429875855551,7.819984333917053
R46,22.17178601258666,29.726438332780642,1036.3531039089369,0.976407508501253,11.224095994859333
R39,22.616521681124983,25.5907731813121,1004.0196898617903,0.6593044813818036,5.08605231260415
R05,21.221196913939604,27.339736274755182,1366.495374356709,0.9189541874259017,9.092467046971535
R22,20.465964946196,26.705865930539314,823.6210407468656,0.7295946168662809,5.663485999727909
R48,23.951633438689417,31.36177058798952,467.0423577664031,0.5826422450714788,4.05796170135198
R18,25.144484333039305,30.324340555066165,829.3986277040664,0.7706848050786343,5.671080138178655
R14,21.49031632389196,24.48712646592634,1034.4937509100344,0.8173196282436903,4.0934585197898885
R11,20.52602763916649,27.25627556637539,588.5360800860933,0.5288660796125586,5.208170827495899
R28,23.072755705203406,29.054734877594953,1124.0057312018212,0.9931233359757008,8.147209834655406
R03,16.728504521966244,26.024110410983585,797.7576843683456,0.8510730480909148,9.267868263324965
R01,20.149150747880824,30.43601005154747,683.7387299191159,0.766252033207991,8.682770290965387
R29,22.583522885067094,27.013367859973027,1197.993010249077,0.9902177851351859,6.951860087257456
R03,21.90859953780644,26.048422603493034,855.9939991357265,0.7539025319793895,4.838847450590732
R15,22.699624685097728,33.46063829624595,838.0483855563498,0.6109502303921864,10.970577878175959
R09,21.89375869396491,27.182724113984133,1337.7133670150533,0.9180588516036243,7.820909394128208
R41,21.169996835329762,25.56611131379625,1100.050771246382,0.755280897704669,7.784196570974938
R11,21.91435323737685,24.88487680610656,1001.1986471799676,0.6939130449584656,3.6812975457880874
R32,23.32731205587535,27.423815593239386,699.2304419979145,0.7396300449572688,3.377868860186294
R49,18.246894587916252,21.51266689004577,992.4363438518071,0.6877344642332501,3.6669488031738036
R19,20.22980058366572,23.568637186986674,1112.5266450945956,0.8646173714568215,3.6300316091975917
R11,23.30304398267901,33.07693987942697,689.222891028636,0.8543828276145771,8.910565362494472
R49,18.679034664612352,26.703476471503087,715.0536222948272,0.8159943401980945,6.359170407413105
R37,23.337299720321184,29.668491943384403,905.9718488679338,0.6751014955453651,7.689658714575491
R07,21.023240357474,30.247047011311885,749.3181036085876,0.6734813298672793,8.962355522474473
R31,25.72925011364616,31.644055284726804,1249.9473373690691,0.8270663685139368,8.374397753912717
R42,24.73877534519259,28.613647303841475,969.4124440906604,0.7074856077000391,5.76214061875113
R40,23.885137097072377,29.14385207298265,1391.399321359533,0.9307568536134467,8.397941834734482
R16,23.02158417705519,26.68574282428718,938.1770487151638,0.8480780725689626,3.692745024427867
R32,24.63972134133096,30.79550773323957,950.2127113039754,0.7746713224513788,6.879781763609605
R01,23.79656371205608,28.961699969740163,1068.6108255322156,0.9129588536580152,7.758519771885921
R07,23.425256967692857,27.373365028304686,1206.5493862027963,0.8309844723969343,5.381715242328216
R06,21.178730616038397,27.428347440914838,1240.0303395661197,0.8868312824478328,10.080375066365782
R37,22.699300094599387,27.41112828925308,776.9879966538056,0.516838201937232,5.336188043475443
R46,21.34110442730582,28.876796977887516,1004.3995937505475,0.661513672877047,9.001626521750921
R29,23.487753249029275,31.378997626870152,729.597685699208,0.8333859548919487,6.927776388566337
R38,23.513577359973965,26.726703511247283,1060.7237578043373,0.9994463060166453,3.8542614313950274
R10,19.847073838934392,21.917132153473112,921.2200639255594,0.7329128766115623,3.0514672322471035
R35,18.37592219774076,21.335085507142335,970.6581477444751,0.680213413570743,3.2018330024584962
R48,22.479177761448337,33.96782557725784,413.2650729741843,0.5078714564978385,5.809767313958433
R36,26.02454089140153,28.788594366670992,1190.1053479490736,0.9185598139153262,3.3504421501889903
R21,24.692125953460902,33.996861072752935,594.8004562573303,0.6952968037908911,6.621014597135995
R02,23.40728323158635,34.45994268455324,682.8764953585664,0.6946152358458942,9.366573000296349
R46,16.96571371580751,21.086636686700096,1057.2689114166678,0.8092635293590928,6.343373492934908
R50,20.815288088695894,26.59356760128977,1237.9003379101644,0.9022070298387367,8.845580367367026
R11,20.96121402717125,29.305080781092638,1015.633378599517,0.6812156613079146,10.495487116821682
R25,24.46174902630947,37.291737933757226,589.7986437446671,0.6376441067259301,8.83775061091934
R15,23.274743955175587,29.11699064915141,658.6461449700249,0.521171139386192,4.837499032514187
R50,23.693036183454677,26.158357033994616,1145.526740961463,0.8895512931978934,3.1723038119715303
R20,19.793634485383535,29.82729832495811,914.49306276821,0.7679675394260591,11.648281322359422
R37,21.161368909336556,33.144125989746634,708.6459778058152,0.821288805161817,10.504127558269445
R43,22.390049968056253,26.733910148524124,587.4068644065302,0.5158718826864943,3.467904167799367
R16,24.425641970063733,31.861451603156755,959.07226816658,0.7983882099808448,9.21611794033206
R09,22.57730786161497,34.8696408724257,781.7344733555913,0.5150130026646964,11.975141099132424
R08,20.359756559807582,30.840994651009563,801.2464770078718,0.887955766403653,11.466959697205509
R12,21.58828113823932,26.982272054513107,1436.0689967828846,0.9262737106229852,10.352765165446531
R50,21.776795338314198,29.222148687157052,689.1667844098498,0.5840590641996479,6.7459625296081445
R20,18.595573467839976,25.156851640982588,1384.7472005006628,0.8796462534592369,11.757691181210685
R40,19.170048256247902,23.412882530245536,795.5322586926804,0.8152904707915462,4.8654568116090084
R13,21.17400435571313,23.964856991702586,875.9342682366942,0.6052534698326715,3.563083579975064
R24,23.1462556264824,27.721066935163744,642.9455884591612,0.541368417809095,4.394327800290984
R32,19.84032169242296,22.62295642952482,1053.0180682115567,0.739248058127981,4.4038277732903985
R44,18.228466162491515,24.816587702414868,644.0967624279227,0.7439171592720062,5.462763760746945
R42,23.259829724092587,29.05973461236508,649.5694327334087,0.6819048205704668,5.537271386142562
R12,24.447706397147456,32.685023922134526,978.6811428052857,0.9311014868290943,9.993443570865805
R17,16.91300363408905,27.937849756656014,788.4491176655205,0.9702096036503735,9.886442959350898
R09,23.902898554116174,29.172289410927576,1090.5712731638214,0.7415904316568342,7.433121636779679
R18,23.85079618159345,27.283291930394114,962.1465106742494,0.8492653126045686,4.109093181446924
R45,21.29760759639247,35.18898703703674,737.1401344979944,0.5877458136906787,11.563003430967827
R31,20.243459852653267,24.204740365700804,1522.852238031911,0.9851176722074384,6.624982499096099
R38,16.85223576987116,26.621806030153724,864.3097346058302,0.5826511430689807,10.692331050838778
R16,19.79027441387496,22.835708035795722,1518.5169022073273,0.9635618909322247,5.571368108948013
R14,24.476475881292863,26.91098806924473,1468.8953473833174,0.9694474800206375,5.275185996141957
R29,20.63521801142821,30.637460372071924,786.281762554927,0.5875615700651766,10.163337484291521
R20,22.592369609462025,31.081748082555507,505.62909626538493,0.6316236732590056,5.247020574662072
R20,19.236009354813618,27.55691391945003,623.6026035382025,0.616027869850578,6.3887725901036845
R24,20.126987250420807,27.176826669630522,799.0731154644402,0.9603698251713177,7.375174366934317
R26,23.484305608752916,36.57269360137642,640.0718134786084,0.7949739414009044,10.072313809215359
R02,21.653357691498904,29.593368104000533,1031.2581407215778,0.7564610823873829,9.843818805142245
R46,20.80126701231936,37.56757826120064,482.5489822606831,0.5853541816562401,10.447977470466423
R40,21.134198362429707,25.402632800368053,980.8636747018013,0.8350162689037834,5.040670659662501
R30,18.893735893262342,24.76206415707023,1058.0279639865232,0.7190893066241723,7.960439657247349
R15,23.762143147245226,28.775254589260545,1358.385668911684,0.8866905238911249,7.191142875860516
R42,20.538087448569055,27.54374282412436,788.1868996155596,0.8753848246055278,6.528842192141154
R29,19.131069316300625,24.65780236143905,1414.7295426760897,0.91753297272751,10.708440624863162
R45,20.594543968174722,27.707442200869412,1082.7111485516905,0.7623678188307161,10.441727048754778
R49,24.416901016036306,34.158850959824534,538.9866115208648,0.6468879530871954,5.989850138525894
R06,20.22151834354335,28.17891427920893,973.9903074552499,0.6587748501287942,9.10649971463374
R43,17.878602970672173,23.128147330044253,977.0778556076999,0.7278095782186258,6.057932180689594
R46,23.70041073426247,37.3782171112652,583.9798899864396,0.6390645777433062,10.150327360681555
R42,21.063132303439268,23.916282596105233,1420.314115597672,0.9172858951278138,6.090480319598798
R04,19.965926661217104,27.063904578643694,577.7778932299215,0.5824423882825692,4.786419671448142
R14,22.528595643950865,29.077740851853086,910.2345427901846,0.9566163402107282,7.039009235951533
R40,20.102166958350324,25.714955062655477,1384.399359667173,0.9521798874969286,8.201020014246794
R34,19.913330313899326,28.360932525989384,953.7891085511517,0.6783843558116363,10.705192491123691
R48,20.3277860082408,27.1059874390304,564.1740209187706,0.5953049165372248,5.444698631469327
R49,22.696578660199517,34.26404824939659,697.3494232816918,0.5866715264876404,10.402451843612043
R46,22.245686877080395,31.761549993347028,667.8303166435182,0.7169219614276221,8.364737597144753
R49,20.17522509497522,25.781045239611657,494.55710614130226,0.6089543541260067,3.4072427011699906
R35,18.690225127543407,23.359763492347394,1258.273709025852,0.8285152491170537,8.099447330149168
R49,20.536914860760685,23.768126010376232,892.7978386785582,0.6269688859618481,3.744606356613037
R38,22.84668389721715,29.682652996520364,680.8302541729201,0.5336170900452806,4.9322629871701995
R12,18.865341692950945,25.996246585090717,1251.328134090956,0.8947461492120261,10.857979584878048
R28,18.18438488424522,27.30770561213711,992.481368410834,0.6298354194752069,11.852104858622967
R31,23.113106249067517,25.262652528960555,986.7329075813452,0.8460056279733273,3.4748873207364235
R01,21.493339337690106,24.21326308246096,1281.9352988749545,0.8443812704056827,4.240967424204094
R35,19.843875700072573,24.530732456911597,984.1576066953155,0.6812798982795473,6.157371984015141
R17,19.42046883646988,27.64473243395873,1039.3392408684379,0.6791673283358368,10.51131857335745
R08,18.260516600609158,26.205355772122516,1010.0037799437691,0.9118118053744868,10.27565165004322
R35,25.67334926171881,28.443552365643864,723.109002308688,0.8395995756005847,3.1508067404314417
R47,22.321154699231283,31.255069403308436,653.8814328206012,0.7038740525013661,7.280365726398075
R17,22.151841068518973,31.402179908542426,903.2317153485359,0.9224311637448164,11.352916519588078
R43,23.474505065886397,25.36248248814503,1116.4063146738301,0.8466675768673533,3.3963634144961796
R48,25.192096982791114,28.618854920731156,759.1571440087785,0.6598260276460313,3.4210726047459166
R06,19.595700947847824,29.634958741096842,709.76412992278,0.8290799121487867,9.082406325936663
R16,18.971059381638465,33.26040640792288,591.467293482224,0.5209576083581288,10.445719347635213
R24,17.487735385014112,31.295424059950616,663.0078462604656,0.6311714833904729,11.718071450169214
R16,20.53393400895202,26.383567036408188,1073.3745579770523,0.876198941151894,6.628895698654405
R34,24.401063316947745,34.38897015917744,840.534832695593,0.5732181283014081,10.420243658440942
R46,18.864584412348457,21.64902705682522,1061.2144892821025,0.8840640891904411,3.9685276628387296
R32,22.30624512518215,27.53539932329683,924.3248746437409,0.9507915026435338,5.469461446823287
R42,25.015267117827367,26.241551162972353,1555.5781610762224,0.9891773935284283,3.057411390659316
R05,21.37926724361586,29.06631350071078,1048.9834747795053,0.9102134101295101,10.714724913536298
R11,21.643561039229525,24.948690201035497,1422.458684259452,0.8900946342414975,7.089628390319575
R18,19.413716912482705,23.266652733282122,915.9035864716155,0.9692648917365652,4.083488209101802
R47,22.37360878495531,26.23487934849605,1362.0183624676815,0.9584710241004579,7.4720596665004395
R47,20.31905812862814,29.747291062723285,823.0543902552193,0.9489823234238943,9.815546804479506
R41,21.92165525878756,26.373167405355314,619.5288025110077,0.5798124507160836,3.471521660353751
R21,22.982415330823994,32.18223632588547,896.8725078008481,0.9873452980242757,10.514524851249632
R12,21.683472237192017,24.51263548517976,935.4779154014212,0.963458173165554,3.323371639673757
R35,20.646658393503973,25.218376983346943,640.4588641625307,0.7916261961562784,3.2578718481988904
R48,26.858288644024306,36.19505718732004,854.5975645605658,0.6820563875052497,9.279446767979636
R08,21.80181139951746,31.95566162403059,852.255345858856,0.6873609852536882,11.138189622668087
R43,21.77866926288534,34.98801474588171,600.444544504049,0.6121592794267632,10.250839248270077
R29,24.425945458452375,34.286705988858145,658.9804698614661,0.643663358254451,8.638113177092343
R37,19.084784642008984,26.815162427367387,1005.7080155536653,0.7421955928004247,9.547763072025855
R21,21.081819379562017,30.82673094728283,812.4198116522274,0.8800804648950795,10.248890963699877
R36,22.627531846616776,33.35059149771357,527.3477147821774,0.5627827893186257,6.669441935987027
R19,23.04679003380403,32.3524330498168,783.6117854210632,0.5967176714782413,9.274473229241824
R47,23.522611126818905,29.48874828556345,694.3580282339905,0.6149968769816203,5.675584838531938
R20,22.96356741572257,29.72370979317787,1019.4413103708165,0.9121752236246747,9.057829178200953
R37,21.890037713398204,25.28773407781008,823.7108012101357,0.5174696232029943,3.738213166903238
R31,23.78590774021754,31.408465008247862,1418.7522158127044,0.9886399662832237,11.89578894567133
R31,18.92991950493528,22.706405376702357,950.6992934902702,0.7338406062424385,5.604955694575391
R24,22.37035107365983,29.849115009988008,889.4071244103202,0.925287264007558,8.078086350160824
R01,18.661421306252034,23.464081373347458,705.1137420255824,0.5497732564043876,4.162570007187993
R17,23.32689545830302,31.506553175897505,1031.0936708279173,0.9959813736193217,11.009220387265762
R02,20.95923575959521,31.325960693545536,641.5437334780896,0.755819291259507,8.422228476331096
R11,25.334448223102275,35.66448949462806,888.0866720570242,0.6621646886757591,10.621985019860574
R16,23.367344842833834,27.758086917805578,551.9824267316135,0.5006731354782818,3.048644313054029
R33,24.14577348598579,32.41296113521494,851.6754196627664,0.8735391335645144,8.627971529590084
R43,18.811343013437085,23.06104379136925,945.2988038474402,0.9984546092946777,4.020967353935251
R09,19.858295162631123,33.92609541197958,438.5590409186265,0.5068412073803406,7.188032405455375
R36,22.369420949562166,27.07900333936674,862.4813713288817,0.6479660147183081,4.571824673066966
R39,18.66280148224361,32.06639350121711,466.2031438442083,0.5346970429520916,7.502506816869843
R12,23.76224627855905,26.47594914119152,1474.9456453503333,0.9257971596521095,4.356187383007504
R36,24.60817692009399,32.559056246799024,961.3126217692135,0.6539431910081247,8.449331254733508
R23,24.373469240354662,28.977769540683564,619.6409972671999,0.6359772796990993,3.0100088477656866
R14,21.83321275774223,28.189893109601925,702.4688463466314,0.5212349546282666,6.981298797921769
R05,21.24489068718208,24.626548296382577,969.6079259569658,0.7010136084441203,3.9309070337443504
R33,24.66437822152157,27.815342598464827,822.3955542960321,0.6613632863633192,3.122706215152393
R31,21.3397598120671,26.986777983839666,892.7484436659992,0.8035676404417884,6.419811710688552
R20,21.868970981882537,26.32222116725981,791.2004259777877,0.5405193052325283,4.242139383180465
R26,21.477811803074847,23.074765480057653,1107.4154164958409,0.9456591031801493,3.5923058462151882
R01,20.415403215591788,24.924853765702355,1125.3911269953628,0.8362536313368245,6.6243334889510415
R03,18.844595816734284,29.420111252224714,746.3524612141035,0.8333085424396862,9.646552906594668
R39,19.636251749158397,28.226667398538773,1038.1211320698671,0.7499794959823942,10.855734794090981
R22,20.521298761267023,24.463925164402394,1072.195440826996,0.7460272446912003,5.767768159414107
R08,24.24371571246094,39.65239606311429,655.2935945275491,0.5540222796882035,11.671319527268947
R20,20.498595945927402,25.375318262303228,1447.956288978441,0.9162085917051264,8.867107790062146
R11,25.941728541435598,35.15261385836804,758.2976062566846,0.9100337510278247,8.739967276610324
R46,22.07718372546456,31.077452490641175,762.9483436856958,0.8264748290689211,8.387355966642037
R47,23.19747803198628,27.96057057491715,962.3813795893234,0.8204827640493788,6.283402231870188
R46,22.640554821942192,26.79268562588675,1188.022891159931,0.9707884263669668,6.035725528207378
R13,20.07058914849857,29.621177544287864,906.4418142248087,0.8510537270568963,9.898745845994645
R49,24.86826544646717,35.138453288434775,716.3797746585489,0.6536194809238602,9.084945232329167
R50,21.63722919378143,27.478989280691906,1085.3635269653726,0.9846609061420895,8.260888019335123
R36,22.61617132151828,28.251143472497215,636.3669416766664,0.5305523338098161,4.494472693333828
R38,20.94824064820959,26.4567384369408,957.3315367840167,0.8298451364652372,6.485469702823572
R23,20.960133531014918,27.569660690896637,785.8896157959648,0.8652462387411497,6.734643924717124
R07,20.322813694072273,27.51573768411518,830.3704249901951,0.5556043736691094,7.72732576903425
R34,20.46137995101613,22.760917232925642,1100.4112298458267,0.8099842824370821,3.3427767053938737
R08,22.24783485268529,26.251704472215874,1110.8564581124522,0.9015059407631603,6.109327683511012
R14,24.124032353591076,28.145199990300778,880.8316783535099,0.5860430162263133,4.335243035605651
R31,23.01117848367175,31.734176689886556,838.3710786734648,0.5403077025848009,8.361118417453767
R04,21.538135100249338,25.961630509300985,942.2889612373945,0.6575051861883658,4.806938772810107
R26,23.119154123020934,27.747281735932386,872.8882189438136,0.9704400847796022,5.493623247420597
R08,23.057035768789852,33.4701063749592,836.247838407785,0.7347593326728168,10.215158638721745
R39,20.650131962418897,32.467581162382295,788.2655174624166,0.5430660695318401,11.842691450304349
R15,21.559027691665175,36.283408329312195,457.35078849138387,0.5120550967043334,8.493397457864948
R18,22.65168170429585,30.60652177151203,701.8616440503072,0.6081663888154135,6.4489382935252655
R49,21.885806778327893,33.83002378383516,520.4571980500408,0.5340545123617613,7.531922833606975
R21,19.311910743056313,24.0235325317139,1206.9669732385873,0.9789729299630687,6.7272696139409955
R49,24.800799589590564,38.05260165324399,502.17579156529484,0.5924191989735125,8.144468845346495
R32,22.86224192819482,32.484418496089226,847.9133386159046,0.7714990663026347,10.535134963996363
R29,16.141102619995465,25.988665081108095,587.7163451389858,0.5255751028101988,6.480363513395801
R08,24.11108920426395,31.66073640322239,704.2861611151168,0.5970814345230411,5.43557995224237
R03,26.20734620612344,33.64732010932468,1221.2427361934838,0.7789368378300365,10.902301615600113
R01,23.426439640791973,28.556193353148288,924.464192603502,0.7946073071739277,5.973523262990549
R25,20.56596770174413,24.78070301142145,682.3102850972147,0.5616418896494735,4.142499723794754
R43,23.9403936533706,33.52198675603874,723.9969928340884,0.864393111128288,9.216536836019369
R28,21.27737887606542,29.597482835027414,840.629277339281,0.7053944049998059,8.776375651212918
R33,22.104637095644968,25.440430672696593,828.3685592999763,0.9942699935228534,3.1999663382302237
R24,23.241495110558848,30.537605775841257,689.2868445997972,0.6965735647470076,5.8382736893950575
R45,20.20501687366558,26.605068162208582,824.9049763543097,0.9612171418280622,7.275808855800912
R11,26.614041833907223,36.002286259407676,894.2145407067021,0.6624613972033206,10.593795395885643
R43,24.441642597626096,35.114923289306596,849.8444309515708,0.5904459506894492,11.803986016739024
R28,20.898762946795742,31.116819215527254,835.2833007700181,0.6860601076208493,9.584059076050206
R38,22.79689824571576,26.74972399623954,1213.5778759593052,0.7598058379015038,6.624655362721477
R45,24.736196963527625,27.868210721067275,903.4777640254531,0.5793683816871548,4.1970881901659585
R43,19.50895882099733,25.186056876407058,1232.2309352003704,0.7945100454904558,9.306529691558374
R21,23.357893975524465,28.892226630851418,975.7585759480722,0.7767358881049249,7.2456585376659515
R40,19.915076766137528,27.413704821775543,614.7328368645763,0.7365137516715103,5.29086488629495
R45,21.65794650690875,28.545231226900306,723.7550352448146,0.5978778032028123,6.7116275442107955
R20,18.30518323094417,23.081281949343722,907.8259100909745,0.7095497364585426,5.351997160968454
R50,21.457589613478547,26.837318353660137,948.3432325593001,0.9540075446874872,6.739626567558593
R02,22.465573485880327,35.363987581946965,691.3275199509673,0.5872046335557497,11.473268137554589
R49,19.31225678888145,28.60475006904601,564.3139639241151,0.5626876746169367,6.2548238535694
R49,24.506177834604152,31.915790688504746,1192.7158988280025,0.7885585411939533,10.75498396229191
R19,20.111608711246806,30.3224632215813,650.8507362101037,0.6478737812975104,8.504817774509931
R16,26.249542806033922,32.79373421926073,651.5653135931908,0.6234285137978665,4.7878011920766514
R06,22.142507499821786,36.011026683394896,470.60979263083937,0.540787462805683,8.53878701838752
R18,24.136758667388033,28.813408982637704,1014.8717563514978,0.700156418086497,5.549559631433196
R04,23.978884156576626,29.806179972435466,830.2718166650075,0.6663904344803977,5.393979237833921
R15,23.29899472971848,28.646362814168505,1297.4083199054728,0.8395333022478186,8.967244833508326
R48,18.37353342799391,27.61913260775644,481.0431671172266,0.5285585816852216,5.8776887586692546
R09,23.119400944822843,33.841529706242916,740.6636951446951,0.6562990124541501,9.840049904658887
R14,21.110211306902308,26.520462704731763,868.7271492482935,0.9431441082278589,6.365524210311607
R17,24.778326095741193,28.49177923248123,1122.6723376972764,0.9826048192728676,4.64212236587241
R03,20.331353909016837,25.660970556105482,939.3977794145306,0.7137332640833445,5.8097076291221645
R19,22.968515133188603,27.664346591793823,1392.772558691511,0.9607566959537089,7.710664665607247
R44,21.752534639800487,32.12327110442601,873.4481732486266,0.9230621052651158,11.0729576042797
R19,21.281022419592762,30.900143186631958,964.8822908482623,0.9516240525475652,10.091731202318385
R17,20.870036177935848,24.396905624996794,1380.8126616026118,0.929349060622287,5.722196857153227
R24,22.30604518745177,25.25500191532281,984.60714654391,0.9266646082793939,3.8775692321748774
R11,22.746697119422798,33.24026925652316,587.7799946189859,0.5599764708654849,7.595133678556532
R14,21.214914883538054,29.24414623262435,729.7700541382122,0.5421276887089856,7.008685689952081
R22,23.69105219977042,35.384729150190914,771.8289854173444,0.5658434517181035,10.72655809096399
R04,21.87689332412961,29.910493508067816,856.625130937656,0.8191752887102159,8.624817735384317
R23,23.20618936989767,25.95514164801413,1137.7931999467166,0.9182210962349349,4.514507296569415
R41,21.699071200353853,26.390389522951917,1059.4851391642171,0.7386000397089807,5.770867127469307
R14,22.72283104754396,30.84282004506773,925.2059272058206,0.8485120830021498,9.039116824796189
R23,21.592318138522703,31.124054577953345,692.9184038870266,0.6531504984437688,8.508076769635098
R50,21.719249882189327,32.81725609919626,634.665586643503,0.6352796282439956,8.68238379879039
R24,21.822841938360664,29.360078670966494,1263.237822374874,0.7913143230201828,11.798309643105389
R34,16.55544451815371,23.958256975576816,729.6763359718287,0.6785961669965224,6.32222574428284
R29,21.697948092305893,25.53270756456974,635.3751852799818,0.5609440412661353,3.299411740524226
R02,18.723941885127967,20.589762587778623,1061.3310377070388,0.8315731244876043,3.660276607136424
R22,19.600604943269385,21.615605828184982,1200.454962467286,0.9101266594724449,4.761413760896842
R02,23.71723679615203,31.32873348375933,1160.1427642296835,0.8303992648454552,11.377416674911027
R05,21.258834475198434,36.496213796115306,567.4533009733312,0.672508419962283,11.286222607007575
R02,20.570638646019137,22.53165595123351,1412.4127631712936,0.9575007688737636,3.0020433439642997
R38,23.523454258815352,28.96406101508157,1292.9102037458879,0.938096239134778,9.59573268598648
R04,24.911161636978708,33.524020766914646,741.7630900530696,0.6744159537293151,7.611535386588959
R41,23.525339100877105,32.28905451539484,850.0092937315517,0.9589204415467765,9.744411150517404
R24,20.615499341468208,22.302342368874545,1003.4409760307136,0.6959054473085858,3.350620617136178
R39,21.81018686145814,28.0369112671605,1331.6268541183633,0.9387260633015844,10.335648906082262
R34,22.49654786582289,26.529046752122476,1179.9648338652225,0.9944202706518315,7.1466024021750645
R46,24.27781750814883,29.914606872051834,944.1849622594019,0.9314611967554944,6.587782447917576
R47,24.003649707363873,29.660252825689813,898.34274972593,0.6173772108624856,6.631328721242996
R38,19.321676528927036,30.152508601764843,887.5116143398014,0.9756984309895531,11.927002763527426
R22,23.840022920010792,32.43069192579837,732.1473786972759,0.6456805364188722,7.999946128970579
R20,21.087788529718857,29.262475052332327,1068.1883460204056,0.8687049721559731,10.27079081115583
R18,22.92873972709315,29.28001870900992,685.5873126080065,0.6490331005850021,5.678852498114524
R22,25.419656372153998,36.450483456874295,680.9705113762508,0.6418039617085681,9.461394218460917
R16,25.139732872519936,29.985726890213396,751.3873382667235,0.9269714410709264,4.519290052061077
R10,22.10704559579809,30.454385638008077,731.564160351298,0.5071906179920764,7.52219084786489
R44,19.56543461555904,25.48326645865364,767.4710825199386,0.6885269655008495,5.600716724289526
R19,22.955887754667813,34.236719767412524,691.3415778810473,0.5971367855009007,9.308418285161993
R41,21.558714499768456,31.041777790158072,715.2134573469971,0.5778866302900851,8.8098092076947
R45,23.80310251314953,28.293411625478175,944.116348954191,0.9754093299582157,4.673653568016759
R27,24.629559651193006,35.80507743338389,805.009051730861,0.5705995317685925,11.530017281723069
R26,25.106082152585298,31.317860421352073,1063.951029421878,0.8142832003236415,9.911729802556483
R07,21.59495154587034,28.807087082545667,1175.6878549535397,0.8127167250832967,10.98722046191594
R14,23.074720562898452,29.335326382224864,1247.6067221406834,0.9631541384605979,9.042654653793631
R21,20.437406586353884,29.429326111776067,541.9890430179634,0.5661343575492408,6.439111450139759
R12,21.02522116741979,28.569266206564045,924.3648709236099,0.8480399307835196,8.40850936083947
R46,16.83925668806976,24.232693757032422,811.7827529473448,0.7362577214097926,7.241774471167091
R25,21.26898812602947,31.75932460916007,693.1548872684966,0.5126743021319693,9.154831124181289
R37,19.142285526911618,28.808539904216435,522.7287986799407,0.5435356027886541,6.243546360487001
R33,19.877412936577038,23.81626275708938,768.9524454503813,0.9554131323431576,3.8078355050414143
R09,25.298132574400974,32.584259708977264,698.1963258241243,0.5557438439193909,6.085550683249057
R21,19.219556149693076,24.707474945847263,1171.3868931297943,0.9422393637983796,7.920095384075806
R48,22.00142024313193,27.860981659942606,768.5075440229483,0.7996864964359931,5.713167535129206
R47,18.93459888022014,35.40139298428486,527.7681715550003,0.5248029541747414,10.928056444902772
R19,23.45751856628756,25.76696194684461,1006.3143713357312,0.7436922208360215,3.7839836051529065
R32,25.02667255671145,30.960919563390163,1032.416379911015,0.6758249361709527,7.401435604043549
R49,22.913934729066938,27.320026307348943,1239.5273284212255,0.862555579966658,5.809726954077492
R46,20.88776250647844,26.632499651290612,1332.1904443330595,0.9025486560205674,9.674645587067001
R10,26.517654243816377,29.42169875506436,878.7777022927131,0.6937332319108783,3.5625624735936974
R20,20.69119620966297,23.685767841998928,1081.5973144747295,0.8746847183224784,4.677778243685771
R26,17.27019514921877,21.871975278983964,610.7945335402791,0.6902409427465179,3.2418088864044177
R02,25.711006629588525,30.71222499334082,1119.86975440486,0.7375501703458602,6.843945408243089
R24,20.743327702407534,27.940722510231982,1007.3530312502222,0.8333657649287949,9.126051359031633
R42,22.36302666301511,34.38692753782148,826.5680824451388,0.6211768475683812,11.795554408592364
R20,23.566972643184204,31.193538711572632,1157.3058556456024,0.9693573176870175,10.71267973298615
R14,21.301121345566088,28.2958218077026,884.6591289402616,0.6708205563453009,8.16206952024039
R30,19.294542924391415,25.888739436888933,741.4969779320816,0.5958681086951332,5.932421256175038
R43,23.573208217232153,26.600710639380058,911.5030735699149,0.6780465425832108,3.75837929540266
R05,20.838703394892097,27.988382963192475,1004.3160201710957,0.7676738840308284,9.359437160947959
R21,22.268081772466047,28.60689289255455,1252.0257823880427,0.9182654453804517,9.732144690294621
R14,22.14178130564413,27.01737573471965,809.3352211190766,0.848096225150545,5.385731559047153
R10,26.96993990717331,40.6503643324332,584.3222628233605,0.5606514990027671,9.534763663354655
R04,22.369128705090755,25.94181836242592,1169.0938562080976,0.8537131375809661,4.571308661224678
R19,23.13620641025729,30.671032261403212,1121.977134402192,0.8811060291570885,11.30343381384562
R12,19.175411360140288,26.483659597681303,815.9617526892912,0.7643283019946379,7.408072811894167
R20,24.33024747964027,28.666748933379697,983.4213021979767,0.8872097473031517,5.3173107852935235
R50,17.869833907487358,23.11622358772069,839.5440894689666,0.7790855919452204,5.490787187561777
R38,22.27659623359982,30.614944454765098,980.412407117428,0.9312448109491505,10.527740369218709
R38,26.781532329535448,33.85046356510421,856.3662278461035,0.5427015150813608,7.365161887716371
R39,20.56987355872515,29.836002089578418,614.4747386020991,0.7145747459791609,7.351482765961235
R46,24.896701713858555,32.46981916264494,1092.0225509815937,0.6889970193130766,10.451788171520263
R40,24.35508944953917,42.23411876714747,467.38018665570695,0.5589862418140308,10.507476973875972
R18,21.227089538488148,25.147682907337877,901.0014192138883,0.6966307425496077,3.9050645887509994
R18,20.43768724373777,28.539467160121408,582.3200356866449,0.6577665903315677,5.991840229569286
R49,25.19707622419268,31.96472814546972,1469.7315730987027,0.9850372283333535,11.696468679733673
R04,20.703379459712608,30.073997524427234,869.5797269166984,0.8425872566388903,10.633633484519525
R16,23.74725700414906,29.499669214066657,813.1413674702226,0.9623208955643183,5.862356505250679
R05,22.16637943344303,27.801232535506905,560.6173373534924,0.5319398837154514,4.481393463296173
R12,22.84736719925431,31.588523157918594,1068.9538290386631,0.8717175869780972,11.156101674916247
R37,21.075294952413355,26.537137930232365,996.4480038011166,0.9254759497034,6.5468113749705275
R13,21.207707820125357,26.556604200741102,1233.3762824893122,0.9496244591446013,8.83814658021628
R42,23.819620444907144,29.31113488334457,936.6474574849416,0.8348772256091239,7.286901169862139
R36,21.10811257227768,32.02026617801308,722.8029633113633,0.7370789729395398,9.808059791900206
R29,21.20632355851071,29.24563376936226,722.8750533865534,0.6262651948182223,7.052491293974317
R16,20.82643394098103,24.652332972304805,1460.4465028651186,0.9929018297251524,6.076791919183359
R44,22.15951305379843,25.824950429447686,1369.9316374766595,0.9083276216008118,7.012429948443145
R28,19.802759149644377,30.053015836821313,877.6593289939992,0.5668478271997182,10.466092482855316
R42,23.33974290951732,30.371492181919308,791.5534267957992,0.814251085118102,6.857798512876785
R10,19.135502689560212,22.922011564411715,647.6000190629828,0.6177941141223388,3.2920596911160813
R10,24.424317377100664,27.702130350298685,1303.0161383451862,0.9914734397773504,5.740413819186274
R03,26.121645602270693,31.847880924565832,1288.5943768456627,0.9252521141642985,8.763426719798169
R34,25.2592842622256,33.822387706267214,896.5811500368865,0.6968775707827033,9.805730106961025
R42,24.916408976774807,38.60563707675354,634.5073891756159,0.6151933196929447,11.318786103473021
R17,25.368697032249962,33.75300021433526,669.6704681130011,0.5286959218441367,6.599847164642117
R22,22.238593410044036,25.842716137360405,813.139221721386,0.6411569171053602,3.6973467641314732
R40,21.888159102955573,34.65867757916776,568.3168447683886,0.5192004386631723,8.95208411050252
R34,25.571742248608235,36.4610930792957,797.8173145515465,0.7334390495615521,10.711518147508587
R27,20.46838003988258,27.40805786789029,817.8301317606481,0.7375541824659178,7.111992645635402
R21,22.44618245011979,29.0527264611487,904.3200601541356,0.9388747024313124,6.754478510781318
R15,24.489059821353287,35.81447205594686,735.2639961474894,0.6556909699462922,10.404326295454858
R19,23.972753011811875,32.14796675298381,538.6466504665077,0.5963381982433502,5.744128119465572
R45,24.283257728658977,32.92883274335909,434.22536593319796,0.5047716765336133,4.81265678292017
R10,18.738636438151364,28.738488052690915,559.5963644605697,0.6646153076706973,7.1105753359725625
R27,20.055695203594677,41.130656300412845,460.6886374075672,0.525087675159987,11.853404248882367
R21,23.350818237862082,40.793918046955675,451.9996687758828,0.5396065750041854,9.892815830962784
R43,22.791597697419494,26.523269381142242,720.9007417419967,0.8917507512939544,3.2439598710260977
R29,23.792567920261213,31.954098329449593,994.0379319835098,0.993343805808512,10.127937300651388
R07,22.02175751640446,26.172582113563184,1244.836048961593,0.8075348770073489,6.022347281773811
R20,17.983032567713,24.464868167187433,954.8397510427419,0.9452204740005429,7.925742697032159
R29,21.203327111739526,29.471518348607823,1085.3027678191065,0.8545007556631898,10.412810352777818
R40,20.2862962697444,23.76179261791576,869.7609720447048,0.7197814708864494,4.3906874699146705
R45,19.0780814914353,27.340870999851667,1008.700275344488,0.7361132128781022,10.827131910092966
R49,21.359074900480714,33.651470006661285,728.7522065581381,0.5030919113204484,11.1863585199985
R47,22.837153365320166,27.96240887563484,1180.9579245447433,0.8441692057732824,7.807257265221275
R07,27.023079193740287,36.4950570016867,657.3707494423809,0.7028226297236188,7.799911930736445
R09,22.530397271896604,29.823496965642953,571.9321160549817,0.5518781717679282,5.444977722272899
R18,18.873931386857492,24.39609893679896,829.6950052590935,0.8860760138079191,6.338763413329522
R09,18.316204454084286,26.300669410641994,1065.051146558481,0.7420865160817037,10.036018433358537
R12,20.887696143413333,29.6765620801251,831.5373880037035,0.5937522285594902,9.34941022205805
R32,22.14376187143775,30.46868659424138,873.7252153235598,0.755546910736199,8.834677745689213
R18,23.557821360424114,31.143348510591245,931.8764520276052,0.9362599759146812,8.88911813687572
R34,23.995264153840488,31.82381651960833,637.0729893199065,0.5462247585185334,6.348392110309867
R46,25.91730953673418,29.31169471963932,991.9750630945045,0.799798630022027,4.119796981667042
R39,25.901703604735857,38.30884315713881,762.711516163585,0.721719551418022,11.699599988064968
R23,21.4546439368398,27.564482322530438,544.4958649258574,0.6151596123414388,4.0757778259237005
R07,20.803124838837906,26.251763330856253,787.6959489788233,0.745509881334455,5.840698938304371
R12,24.4041132021319,30.330637770867796,1083.6311174745113,0.8896825851675598,7.6267372868956675
R07,22.52442946447371,28.84097105307342,1103.257638709112,0.8579923467708621,9.131538994791905
R06,25.21309477257667,30.61548104230434,1015.7050416212203,0.9932437007858648,7.428828093150882
R06,24.41321630972783,35.5662182386899,711.2316161577834,0.7301645253213825,10.594315772924755
R02,21.152802836543646,25.641069313566607,639.061129629968,0.6448639918691073,4.130791431710826
R10,19.132948055423007,21.64739214179918,687.7549509952863,0.7545677064607996,3.0665271129986373
R37,25.065866741071115,29.412917286932053,667.2987935165386,0.6584520688603124,3.612335826825027
R04,20.886142384630077,32.22971619017972,666.0798620963866,0.5062982006358935,9.719428841797836
R17,24.440565792835436,36.99271371667089,569.2125613668665,0.5049137762848939,9.314087390426481
R26,24.280626830005218,32.13962640979732,846.9730873387274,0.5685264014140777,6.997655531293539
R10,21.599050781684245,23.92398674902207,1098.9160327962595,0.8758990817934664,4.4072592748038755
R05,25.545374536948092,33.3196873541831,808.8606232035007,0.8611080493368231,7.6645174861984
R03,20.119202167031293,23.601394918951385,735.7708396017098,0.6164292784380472,3.460489558009283
R32,18.392066718610646,30.288605871468274,608.964882149618,0.5263598831672506,8.87228359956509
R45,23.298860932406125,35.03427773024752,755.5974016883517,0.8538102928702677,10.809318881273152
R22,25.189281282432628,36.77200058322531,597.7626582914384,0.7193245092179923,8.655662618768908
R33,20.65502880798733,29.77881109750779,632.5037899523809,0.7643536599420263,7.1252713148367555
R30,21.437989371939864,30.474881660860483,656.1067537159648,0.648268794810131,7.492678058399974
R38,20.060992988308023,23.025332385597533,1147.4424732160721,0.9385637809492509,4.309639345086232
R28,21.187515102260946,28.153218368027712,1189.092096682224,0.9140929346617265,10.811996327055809
R38,22.925485433408603,25.01599619805866,1434.6893728036898,0.9105712123601737,6.480268049887158
R19,20.19865723497504,28.925332768830337,836.0098329830938,0.6375494407795622,9.62328365736554
R11,22.97461047408999,25.711752669307607,1170.936915059429,0.8483444939365985,3.221799641726904
R01,23.519192381771475,31.820473160933673,772.7314463086966,0.7695955397568165,7.628043101393798
R20,21.254118959139728,24.878796071852175,995.2318526771529,0.6811467450001024,3.359531759574849
R05,23.34945709212701,31.483328340964196,1044.5995441131117,0.7318110371717249,10.724973886028323
R47,24.73940221530837,35.89108490452852,803.9952519159124,0.680029950965363,11.75311412084763
R45,24.57433558629975,37.42633369796652,552.6197749137659,0.6534655364906163,9.295808318539713
R16,21.747736479352312,24.47978291735509,1194.8720352113437,0.7988411677617295,3.3581741460208727
R43,21.067392045110175,22.738023881513,1217.1586167270423,0.8353825127215179,3.692722647072156
R46,19.60936640361883,31.928742525027175,782.0368930904282,0.6759648853658884,11.438953145549329
R08,18.12649459499507,24.736788625231956,1281.6626985772405,0.9102537521160545,11.200084512527617
R48,23.281810627587575,29.063789897234273,1180.752331855518,0.8418941004449373,8.242803996966623
R45,22.191471667733126,27.445925380649697,671.3227007748518,0.5285011937759669,4.658237864154068
R14,18.73745100886367,30.646538116220626,791.6798505544169,0.7706813191980659,11.98486880913861
R28,20.83996733469263,25.900954166972625,1167.0891848717918,0.8708420644959116,8.226803991500933
R27,20.614596726743244,28.761335613304365,918.8952116851964,0.652906755641832,9.24476845688159
R42,25.73444840862463,31.002802749256272,801.7517211708183,0.5528251727244653,4.6569119102486125
R02,21.933918175853442,25.385945387184886,1201.58631931489,0.8301941261979127,3.63712292410057
R24,19.61095412046793,24.926116896500808,862.3254300826833,0.8202236369966265,5.57521538212483
R46,21.95395508312918,31.73862447617914,789.6857596393577,0.6088644498414668,9.971148748569284
R24,19.526959327306656,23.121445256200275,1055.821996321206,0.8794884159270153,4.298160190062932
R16,23.763169968777127,30.352884971713955,990.2246809598935,0.6753888115051561,8.16536222510684
R05,20.08244308762645,24.59293372676661,1025.5750159553356,0.992044731983257,6.6492450869737665
R23,21.56719115808027,33.14150476503836,734.1281750832259,0.7289024662796033,10.497308375469629
R48,21.901590167653264,30.1406684264297,891.5153014833015,0.9534927592191218,8.90906432159687
R36,23.668985441409202,26.967693424346855,893.7088316723305,0.7604428913503396,4.712051377381238
R16,22.696683478492254,28.89005106039594,819.7774515867555,0.8977891881287932,6.8064918936740195
R37,21.024589254102512,25.01743779653135,897.8812976512988,0.5834242891027888,3.8784903429809243
R41,22.845757693506663,29.86191002634719,599.1095717262148,0.614696751077191,6.293093687560268
R09,21.971320580053685,30.45814895953432,635.1429214578053,0.6708744211629636,6.823050073717677
R33,21.636216162973255,33.023511749417885,839.0313883440479,0.8433393058620647,11.870406605575203
R19,18.9793904910595,27.09245661140701,1052.7202614573737,0.9085535495833806,10.713872456489241
R12,22.740423779883482,26.428646320793906,1364.717629655815,0.8810648102251624,5.793338001973081
R33,19.32989580914621,24.878970138292416,953.9215851506168,0.937842563793053,7.266686376970719
R42,22.55659795825566,25.312178728708496,894.9234418231981,0.6876606728865069,3.2530935565013137
R16,23.637607551474527,29.889978652327784,1479.7470001743445,0.9899017676904691,11.418823420036807
R20,23.704937286865903,31.659106652188342,968.8301798726154,0.9996751502361001,10.37709302502413
R28,20.985704514455676,26.244392874627042,767.4546992608416,0.5419812817233634,5.131178269105622
R33,21.102392397674436,29.825808287128808,559.6345887380553,0.5500774987533834,5.6948081232279595
R30,25.72197408036722,29.647183613245154,794.2781430552894,0.6997161395154272,3.8327569893004725
R39,22.418940167295546,32.105562212854856,933.3506706243774,0.9104245046315644,11.875591175553254
R02,22.317663879457783,27.368327409089176,774.7271364049793,0.6529474066307599,5.193373907139084
R43,22.44957380546432,26.69288139311373,1051.7322645830518,0.876423737545692,6.247256802402023
R03,24.74956819794046,33.529098252596214,1071.134655996936,0.7372667813112204,11.966020437401749
R49,19.67228456448035,30.288969821796947,905.432549139792,0.705471276175055,10.979358973521585
R21,21.220268752413062,30.57655124588482,676.4243508939197,0.5144005902732594,8.640934674754996
R43,24.88389001160378,34.31010009108559,795.2013044053476,0.6600080565436959,9.62431860383459
R08,24.036419169105393,28.526647141249903,1270.1125236010578,0.9727474302797501,9.208121225815795
R50,25.334764685877232,27.638706851673966,977.7090338399606,0.7113433098287129,3.067168263754975
R47,20.40209045576467,33.949670382739704,651.5597660041456,0.6914515070186229,11.840304548429534
R05,22.082803900428214,27.75247168734887,1111.2686824569262,0.7988162199344502,8.203965431009605
R33,17.965322403755177,24.09461253671264,783.6350357246115,0.6021282339681981,7.391101757513717
R38,23.58851335632414,27.479245474874645,1423.7377689009472,0.9344795525104481,5.618994506081968
R17,22.73419168346772,28.683144775703987,954.218376599783,0.6229092935112873,7.1754263710940185
R39,19.660213948749423,26.931918950240966,1243.312840734433,0.8185429444273578,11.414037418990578
R25,20.868847264252018,27.324359520558467,1029.0082299280698,0.7234370976002195,8.606586397650435
R02,21.41041509845494,26.657136832903632,1494.7367430657719,0.9667902280033447,10.67815354719213
R42,20.152786074782416,31.329090784492028,856.802691668806,0.8332036523474595,11.861183067385017
R39,21.64269576193561,23.70703679332745,1541.8976627650256,0.9811064550579723,5.757981028952187
R01,21.5373981141406,27.180199803660734,1222.1561322940624,0.8072497301275963,9.060777560202894
R45,22.79570401553864,30.422741996405097,748.6832397656008,0.6103495373926675,6.662085882515651
R15,19.45717763565185,29.480670374306182,503.432553352864,0.6171625328252635,6.700145504334413
R23,22.62299213737689,31.340051903542957,1046.457625730557,0.9290694625133271,11.981797100024343
R18,23.154727050213324,27.033476799331208,1281.9475627888933,0.8848657091484401,6.318526399237614
R06,24.419898517117424,38.67954645605006,448.3108040967811,0.5185566599811511,7.682087644536229
R03,22.819272237367986,32.6944745302914,860.482139887302,0.8956553571563335,10.429813573683742
R09,22.762722562716906,35.082461681319636,741.6470727401385,0.5914465265343343,11.46788640745238
R39,22.07525264769004,30.772979710071304,797.4529967705747,0.5084845646577332,8.80635074970813
R35,23.712191708460015,27.21118966476053,858.3275003113251,0.7996792935679014,3.4456136673206417
R20,19.622073160930075,26.501400340980965,1061.3631145502761,0.7516102074293172,9.159918249623768
R33,20.49543999096968,27.532671771979235,902.4695116475924,0.9299703570917046,7.828730475541034
R35,23.536667984580628,32.00775378920843,698.1706018403175,0.5364492259358276,7.665289170017886
R03,23.252932183555174,30.823947527092443,933.5778173437927,0.9672101084212569,8.600726811666236
R24,24.207867093403813,33.48523800748447,673.83808062105,0.7731238000654255,7.922239624138117
R39,21.799256455445487,28.293490729683807,1353.4555461354528,0.9587724472981725,11.667847178080223
R40,24.368506832062934,34.68140694694568,714.9374401758826,0.5505828098065516,9.479971223647016
R36,23.419072341452882,28.32941832173123,672.7875236338573,0.6370820188361501,3.869765257483843
R18,19.633887630531223,31.532614214870847,718.4541548945768,0.796787627207149,10.79936119735953
R18,17.57165253365269,22.199785653716027,1172.1863460677234,0.9265879061289002,7.079407146795192
R14,24.166425643863803,29.33831209692288,1138.7760574425702,0.7921979607947287,7.763407033292312
R46,22.264695399017494,25.22742404093461,987.1592737413275,0.7770938255023956,3.4988969004711046
R19,20.533462632391647,24.237464331114634,1066.6733263711096,0.8969775423577953,5.145034895651973
R10,21.598530163996017,31.093912467035988,786.9658842146097,0.5531329523961979,9.95850922572263
R49,17.8992850854316,21.51537899260807,817.2319762901641,0.6615726086397087,3.3164332524407474
R49,21.978644271466713,31.959443592872578,679.3217947150746,0.664380063777225,9.051256721389748
R27,21.886119082550415,31.260711720441417,824.5563730443539,0.6029940920942366,9.835681338452495
R06,22.315509742320536,26.036784952974838,1340.5256136675168,0.8613843380053978,5.5748092982813455
R45,24.640828019567667,33.70794993094642,898.3587793235238,0.5990981932108341,10.672883803879504
R24,18.833625342060607,24.67757340607298,649.8851155713039,0.6408986751982462,4.700870939740576
R48,21.788419224296575,24.763264015587293,1098.6412359204671,0.7916380985695484,4.113217655523846
R46,21.243296234800468,25.15976994796831,1129.6449255645325,0.8511993605402993,5.427682192863903
R28,22.101072685585823,24.530559471486526,1441.4301575817726,0.9997303405298366,3.0352653745598395
R23,22.569866139369623,25.507094131813684,1058.9406735795812,0.7940630327339274,4.036402086625833
R43,23.371179492596834,29.889790989478918,448.8824545098319,0.5090145044794561,3.697352638999344
R23,22.642752638162914,31.843581120172892,902.1245571039259,0.7664235661416299,10.645179869356998
R50,23.038124447209853,24.870301306454234,1119.2951790455609,0.7018129476349486,3.2472350626168636
R03,20.645619524693412,26.325340309588285,504.8159124509026,0.531453738009012,3.4529063964119757
R22,23.097943834122933,30.878113739282256,781.4639357085223,0.9615869943096325,7.441319982655899
